A,A000000
A-6,A600000
"A-7, Part I",A700001
"A-7, Part II",A700002
"A-7, Part III",A700003
"A-7, Part IV",A700004
A-8,A800000
"A-8, Part I",A800001
"A-8, Part I Section A",A81000A
"A-8, Part I Section B",A81000B
A-8-2,A820000
"A-8-3, Part I Physical Therapy (h)",A83P001
"A-8-3, Part I Respiratory Therapy Services (h)",A83R001
"A-8-3, Part II Physical Therapy (h)",A83P002
"A-8-3, Part II Respiratory Therapy Services (h)",A83R002
"A-8-3, Part III Physical Therapy (h)",A83P003
"A-8-3, Part III Respiratory Therapy Services (h)",A83R003
"A-8-3, Part IV Physical Therapy (h)",A83P004
"A-8-3, Part IV Respiratory Therapy Services (h)",A83R004
"A-8-3, Part V Physical Therapy (h)",A83P005
"A-8-3, Part V Respiratory Therapy Services (h)",A83R005
"A-8-3, Part VI Physical Therapy (h)",A83P006
"A-8-3, Part VI Respiratory Therapy Services (h)",A83R006
"A-8-3, Part VII Physical Therapy (h)",A83P007
"A-8-3, Part VII Respiratory Therapy Services (h)",A83R007
"A-8-4, Part I Occupational Therapy (j)",A84O001
"A-8-4, Part I Physical Therapy (j)",A84P001
"A-8-4, Part I Respiratory Therapy (j)",A84R001
"A-8-4, Part I Speech Pathology Services (j)",A84S001
"A-8-4, Part II Occupational Therapy (j)",A84O002
"A-8-4, Part II Physical Therapy (j)",A84P002
"A-8-4, Part II Respiratory Therapy (j)",A84R002
"A-8-4, Part II Speech Pathology Services (j)",A84S002
"A-8-4, Part III Occupational Therapy (j)",A84O003
"A-8-4, Part III Physical Therapy (j)",A84P003
"A-8-4, Part III Respiratory Therapy (j)",A84R003
"A-8-4, Part III Speech Pathology Services (j)",A84S003
"A-8-4, Part IV Occupational Therapy (j)",A84O004
"A-8-4, Part IV Physical Therapy (j)",A84P004
"A-8-4, Part IV Respiratory Therapy (j)",A84R004
"A-8-4, Part IV Speech Pathology Services (j)",A84S004
"A-8-4, Part V Occupational Therapy (j)",A84O005
"A-8-4, Part V Physical Therapy (j)",A84P005
"A-8-4, Part V Respiratory Therapy (j)",A84R005
"A-8-4, Part V Speech Pathology Services (j)",A84S005
"A-8-4, Part VI Occupational Therapy (j)",A84O006
"A-8-4, Part VI Physical Therapy (j)",A84P006
"A-8-4, Part VI Respiratory Therapy (j)",A84R006
"A-8-4, Part VI Speech Pathology Services (j)",A84S006
"A-8-4, Part VII Occupational Therapy (j)",A84O007
"A-8-4, Part VII Physical Therapy (j)",A84P007
"A-8-4, Part VII Respiratory Therapy (j)",A84R007
"A-8-4, Part VII Speech Pathology Services (j)",A84S007
"B, Part I",B000001
"B, Part II",B000002
"B, Part III",B000003
B-1,B100000
"C, Part I",C000001
"C, Part II",C000002
"C, Part III",C000003
"C, Part IV",C000004
"C, Part V",C000005
"D, Part I Hospital, Title XIX",D00A191
"D, Part I Hospital, Title XVIII",D00A181
"D, Part II (c) Subprovider 1, Title XIX",D01B192
"D, Part II (c) Subprovider 1, Title XVIII",D01B182
"D, Part II (c) Subprovider 10, Title XIX",D00B192
"D, Part II (c) Subprovider 10, Title XVIII",D00B182
"D, Part II (c) Subprovider 2, Title XIX",D02B192
"D, Part II (c) Subprovider 2, Title XVIII",D02B182
"D, Part II (c) Subprovider 3, Title XIX",D03B192
"D, Part II (c) Subprovider 3, Title XVIII",D03B182
"D, Part II (c) Subprovider 4, Title XIX",D04B192
"D, Part II (c) Subprovider 4, Title XVIII",D04B182
"D, Part II (c) Subprovider 5, Title XIX",D05B182
"D, Part II (c) Subprovider 5, Title XIX",D05B182
"D, Part II (c) Subprovider 6, Title XIX",D06B192
"D, Part II (c) Subprovider 6, Title XVIII",D06B182
"D, Part II (c) Subprovider 7, Title XIX",D07B192
"D, Part II (c) Subprovider 7, Title XVIII",D07B182
"D, Part II (c) Subprovider 8, Title XIX",D08B192
"D, Part II (c) Subprovider 8, Title XVIII",D08B182
"D, Part II (c) Subprovider 9, Title XIX",D09B192
"D, Part II (c) Subprovider 9, Title XVIII",D09B182
"D, Part II Hospital, Title XIX",D00A192
"D, Part II Hospital, Title XVIII",D00A182
"D, Part III Hospital, Title XIX",D00A193
"D, Part III Hospital, Title XVIII",D00A183
"D, Part IV Hospital, Title XIX",D00A194
"D, Part IV Hospital, Title XVIII",D00A184
"D, Part IV ICF/MR, Title XIX",D00I194
"D, Part IV NF, Title XIX",D00E194
"D, Part IV SNF, Title XIX",D00C194
"D, Part IV SNF, Title XVIII",D00C184
"D, Part IV Subprovider 1, Title XIX (c)",D01B194
"D, Part IV Subprovider 1, Title XVIII (c)",D01B184
"D, Part IV Subprovider 10, Title XIX (c)",D00B194
"D, Part IV Subprovider 10, Title XVIII (c)",D00B184
"D, Part IV Subprovider 2, Title XIX (c)",D02B194
"D, Part IV Subprovider 2, Title XVIII (c)",D02B184
"D, Part IV Subprovider 3, Title XIX (c)",D03B194
"D, Part IV Subprovider 3, Title XVIII (c)",D03B184
"D, Part IV Subprovider 4, Title XIX (c)",D04B194
"D, Part IV Subprovider 4, Title XVIII (c)",D04B184
"D, Part IV Subprovider 5, Title XIX (c)",D05B194
"D, Part IV Subprovider 5, Title XVIII (c)",D05B184
"D, Part IV Subprovider 6, Title XIX (c)",D06B194
"D, Part IV Subprovider 6, Title XVIII (c)",D06B184
"D, Part IV Subprovider 7, Title XIX (c)",D07B194
"D, Part IV Subprovider 7, Title XVIII (c)",D07B184
"D, Part IV Subprovider 8, Title XIX (c)",D08B194
"D, Part IV Subprovider 8, Title XVIII (c)",D08B184
"D, Part IV Subprovider 9, Title XIX (c)",D09B194
"D, Part IV Subprovider 9, Title XVIII (c)",D09B184
"D, Part V Hospital, Title XIX",D00A195
"D, Part V Hospital, Title XVIII",D00A185
"D, Part V ICF/MR, Title XIX",D00I195
"D, Part V NF, Title XIX",D00E195
"D, Part V SNF, Title XIX",D00C195
"D, Part V SNF, Title XVIII",D00C185
"D, Part V Subprovider 1, Title XIX (c)",D01B195
"D, Part V Subprovider 1, Title XVIII (c)",D01B185
"D, Part V Subprovider 10, Title XIX (c)",D00B195
"D, Part V Subprovider 10, Title XVIII (c)",D00B185
"D, Part V Subprovider 2, Title XIX (c)",D02B195
"D, Part V Subprovider 2, Title XVIII (c)",D02B185
"D, Part V Subprovider 3, Title XIX (c)",D03B195
"D, Part V Subprovider 3, Title XVIII (c)",D03B185
"D, Part V Subprovider 4, Title XIX (c)",D04B195
"D, Part V Subprovider 4, Title XVIII (c)",D04B185
"D, Part V Subprovider 5, Title XIX (c)",D05B195
"D, Part V Subprovider 5, Title XVIII (c)",D05B185
"D, Part V Subprovider 6, Title XIX (c)",D06B195
"D, Part V Subprovider 6, Title XVIII (c)",D06B185
"D, Part V Subprovider 7, Title XIX (c)",D07B195
"D, Part V Subprovider 7, Title XVIII (c)",D07B185
"D, Part V Subprovider 8, Title XIX (c)",D08B195
"D, Part V Subprovider 8, Title XVIII (c)",D08B185
"D, Part V Subprovider 9, Title XIX (c)",D09B195
"D, Part V Subprovider 9, Title XVIII (c)",D09B185
"D, Part V Swing Bed SNF, Title XIX",D00D195
"D, Part V Swing Bed SNF, Title XVIII",D00D185
"D, Part V Swing BedNF, Title XIX",D00F195
"D, Part VI Hospital, Title XIX",D00A196
"D, Part VI Hospital, Title XVIII",D00A186
"D, Part VI ICF/MR, Title XIX",D00I196
"D, Part VI NF, Title XIX",D00E196
"D, Part VI SNF, Title XIX",D00C196
"D, Part VI SNF, Title XVIII",D00C186
"D, Part VI Subprovider 1, Title XIX (c)",D01B196
"D, Part VI Subprovider 1, Title XVIII (c)",D01B186
"D, Part VI Subprovider 10, Title XIX (c)",D00B196
"D, Part VI Subprovider 10, Title XVIII (c)",D00B186
"D, Part VI Subprovider 2, Title XIX (c)",D02B196
"D, Part VI Subprovider 2, Title XVIII (c)",D02B186
"D, Part VI Subprovider 3, Title XIX (c)",D03B196
"D, Part VI Subprovider 3, Title XVIII (c)",D03B186
"D, Part VI Subprovider 4, Title XIX (c)",D04B196
"D, Part VI Subprovider 4, Title XVIII (c)",D04B186
"D, Part VI Subprovider 5, Title XIX (c)",D05B196
"D, Part VI Subprovider 5, Title XVIII (c)",D05B186
"D, Part VI Subprovider 6, Title XIX (c)",D06B196
"D, Part VI Subprovider 6, Title XVIII (c)",D06B186
"D, Part VI Subprovider 7, Title XIX (c)",D07B196
"D, Part VI Subprovider 7, Title XVIII (c)",D07B186
"D, Part VI Subprovider 8, Title XIX (c)",D08B196
"D, Part VI Subprovider 8, Title XVIII (c)",D08B186
"D, Part VI Subprovider 9, Title XIX (c)",D09B196
"D, Part VI Subprovider 9, Title XVIII (c)",D09B186
"D, Part VI Swing Bed SNF, Title XIX",D00D196
"D, Part VI Swing Bed SNF, Title XVIII",D00D186
"D, Part VI Swing BedNF, Title XIX",D00F196
"D-1:  (d) Hospital, Title XIX",D10A191
"D-1:  (d) Hospital, Title XVIII",D10A181
"D-1:  (d) ICF/MR, Title XIX",D10I191
"D-1:  (d) NF, Title XIX",D10E191
"D-1:  (d) SNF, Title XIX",D10C191
"D-1:  (d) SNF, Title XVIII",D10C181
"D-1:  (d) Subprovider 1, Title XIX (c)",D11B191
"D-1:  (d) Subprovider 1, Title XVIII (c)",D11B181
"D-1:  (d) Subprovider 10, Title XIX (c)",D10B191
"D-1:  (d) Subprovider 10, Title XVIII (c)",D10B181
"D-1:  (d) Subprovider 2, Title XIX (c)",D12B191
"D-1:  (d) Subprovider 2, Title XVIII (c)",D12B181
"D-1:  (d) Subprovider 3, Title XIX (c)",D13B191
"D-1:  (d) Subprovider 3, Title XVIII (c)",D13B181
"D-1:  (d) Subprovider 4, Title XIX (c)",D14B191
"D-1:  (d) Subprovider 4, Title XVIII (c)",D14B181
"D-1:  (d) Subprovider 5, Title XIX (c)",D15B191
"D-1:  (d) Subprovider 5, Title XVIII (c)",D15B181
"D-1:  (d) Subprovider 6, Title XIX (c)",D16B191
"D-1:  (d) Subprovider 6, Title XVIII (c)",D16B181
"D-1:  (d) Subprovider 7, Title XIX (c)",D17B191
"D-1:  (d) Subprovider 7, Title XVIII (c)",D17B181
"D-1:  (d) Subprovider 8, Title XIX (c)",D18B191
"D-1:  (d) Subprovider 8, Title XVIII (c)",D18B181
"D-1:  (d) Subprovider 9, Title XIX (c)",D19B191
"D-1:  (d) Subprovider 9, Title XVIII (c)",D19B181
"D-1, Part II",D100002
D-2:  (d),D200000
"D-4 Hospital, Title XIX",D40A190
"D-4 Hospital, Title XVIII",D40A180
"D-4 ICF/MR, Title XIX",D40I190
"D-4 NF, Title XIX",D40E190
"D-4 SNF, Title XIX",D40C190
"D-4 SNF, Title XVIII",D40C180
"D-4 Subprovider 1, Title XIX (c)",D41B190
"D-4 Subprovider 1, Title XVIII (c)",D41B180
"D-4 Subprovider 10, Title XIX (c)",D40B190
"D-4 Subprovider 10, Title XVIII (c)",D40B180
"D-4 Subprovider 2, Title XIX (c)",D42B190
"D-4 Subprovider 2, Title XVIII (c)",D42B180
"D-4 Subprovider 3, Title XIX (c)",D43B190
"D-4 Subprovider 3, Title XVIII (c)",D43B180
"D-4 Subprovider 4, Title XIX (c)",D44B190
"D-4 Subprovider 4, Title XVIII (c)",D44B180
"D-4 Subprovider 5, Title XIX (c)",D45B190
"D-4 Subprovider 5, Title XVIII (c)",D45B180
"D-4 Subprovider 6, Title XIX (c)",D46B190
"D-4 Subprovider 6, Title XVIII (c)",D46B180
"D-4 Subprovider 7, Title XIX (c)",D47B190
"D-4 Subprovider 7, Title XVIII (c)",D47B180
"D-4 Subprovider 8, Title XIX (c)",D48B190
"D-4 Subprovider 8, Title XVIII (c)",D48B180
"D-4 Subprovider 9, Title XIX (c)",D49B190
"D-4 Subprovider 9, Title XVIII (c)",D49B180
"D-4 Swing Bed NF, Title XIX",D40F190
"D-4 Swing Bed SNF, Title XIX",D40D190
"D-4 Swing Bed SNF, Title XVIII",D40D180
D-6,D600000
"D-6, Part I",D600001
"D-6, Part II",D600002
"D-6, Part III",D603010
D-6:  (d) Heart Acquisition (e),D6H0000
D-6:  (d) Intestine Acquisition (e),D6I0000
D-6:  (d) Kidney Acquisition (e),D6K0000
D-6:  (d) Liver Acquisition (e),D6L0000
D-6:  (d) Lung Acquisition (e),D6P0000
D-6:  (d) Pancreas Acquisition (e),D6N0000
"D-9, Part 1",D900001
"D-9, Part 2",D900002
"E, Part A:  Hospital Title XVIII",E00A18A
"E, Part A:  Subprovider 1, (c) Title XVIII",E01B18A
"E, Part A:  Subprovider 10, (c) Title XVIII",E00B18A
"E, Part A:  Subprovider 2, (c) Title XVIII",E02B18A
"E, Part A:  Subprovider 3, (c) Title XVIII",E03B18A
"E, Part A:  Subprovider 4, (c) Title XVIII",E04B18A
"E, Part A:  Subprovider 5, (c) Title XVIII",E05B18A
"E, Part A:  Subprovider 6, (c) Title XVIII",E06B18A
"E, Part A:  Subprovider 7, (c) Title XVIII",E07B18A
"E, Part A:  Subprovider 8, (c) Title XVIII",E08B18A
"E, Part A:  Subprovider 9, (c) Title XVIII",E09B18A
"E, Part B:  Hospital Title XVIII",E00A18B
"E, Part B:  SNF Title XVIII",E00C18B
"E, Part B:  Subprovider 1, (c) Title XVIII",E01B18B
"E, Part B:  Subprovider 10, (c) Title XVIII",E00B18B
"E, Part B:  Subprovider 2, (c) Title XVIII",E02B18B
"E, Part B:  Subprovider 3, (c) Title XVIII",E03B18B
"E, Part B:  Subprovider 4, (c) Title XVIII",E04B18B
"E, Part B:  Subprovider 5, (c) Title XVIII",E05B18B
"E, Part B:  Subprovider 6, (c) Title XVIII",E06B18B
"E, Part B:  Subprovider 7, (c) Title XVIII",E07B18B
"E, Part B:  Subprovider 8, (c) Title XVIII",E08B18B
"E, Part B:  Subprovider 9, (c) Title XVIII",E09B18B
"E, Part C:  Hospital Title XIX",E00A19C
"E, Part C:  Hospital Title XVIII",E00A18C
"E, Part C:  Subprovider 1, (c) Title XIX",E01B19C
"E, Part C:  Subprovider 1, (c) Title XVIII",E01B18C
"E, Part C:  Subprovider 10, (c) Title XIX",E00B19C
"E, Part C:  Subprovider 10, (c) Title XVIII",E00B18C
"E, Part C:  Subprovider 2, (c) Title XIX",E02B19C
"E, Part C:  Subprovider 2, (c) Title XVIII",E02B18C
"E, Part C:  Subprovider 3, (c) Title XIX",E03B19C
"E, Part C:  Subprovider 3, (c) Title XVIII",E03B18C
"E, Part C:  Subprovider 4, (c) Title XIX",E04B19C
"E, Part C:  Subprovider 4, (c) Title XVIII",E04B18C
"E, Part C:  Subprovider 5, (c) Title XIX",E05B19C
"E, Part C:  Subprovider 5, (c) Title XVIII",E05B18C
"E, Part C:  Subprovider 6, (c) Title XIX",E06B19C
"E, Part C:  Subprovider 6, (c) Title XVIII",E06B18C
"E, Part C:  Subprovider 7, (c) Title XIX",E07B19C
"E, Part C:  Subprovider 7, (c) Title XVIII",E07B18C
"E, Part C:  Subprovider 8, (c) Title XIX",E08B19C
"E, Part C:  Subprovider 8, (c) Title XVIII",E08B18C
"E, Part C:  Subprovider 9, (c) Title XIX",E09B19C
"E, Part C:  Subprovider 9, (c) Title XVIII",E09B18C
"E, Part D:  Hospital Title XIX",E00A19D
"E, Part D:  Hospital Title XVIII",E00A18D
"E, Part D:  Subprovider 1, (c) Title XIX",E01B19D
"E, Part D:  Subprovider 1, (c) Title XVIII",E01B18D
"E, Part D:  Subprovider 10, (c) Title XIX",E00B19D
"E, Part D:  Subprovider 10, (c) Title XVIII",E00B18D
"E, Part D:  Subprovider 2, (c) Title XIX",E02B19D
"E, Part D:  Subprovider 2, (c) Title XVIII",E02B18D
"E, Part D:  Subprovider 3, (c) Title XIX",E03B19D
"E, Part D:  Subprovider 3, (c) Title XVIII",E03B18D
"E, Part D:  Subprovider 4, (c) Title XIX",E04B19D
"E, Part D:  Subprovider 4, (c) Title XVIII",E04B18D
"E, Part D:  Subprovider 5, (c) Title XIX",E05B19D
"E, Part D:  Subprovider 5, (c) Title XVIII",E05B18D
"E, Part D:  Subprovider 6, (c) Title XIX",E06B19D
"E, Part D:  Subprovider 6, (c) Title XVIII",E06B18D
"E, Part D:  Subprovider 7, (c) Title XIX",E07B19D
"E, Part D:  Subprovider 7, (c) Title XVIII",E07B18D
"E, Part D:  Subprovider 8, (c) Title XIX",E08B19D
"E, Part D:  Subprovider 8, (c) Title XVIII",E08B18D
"E, Part D:  Subprovider 9, (c) Title XIX",E09B19D
"E, Part D:  Subprovider 9, (c) Title XVIII",E09B18D
"E, Part E:  Hospital Title XIX",E00A19E
"E, Part E:  Hospital Title XVIII",E00A18E
"E, Part E:  Subprovider 1, (c) Title XIX",E01B19E
"E, Part E:  Subprovider 1, (c) Title XVIII",E01B18E
"E, Part E:  Subprovider 10, (c) Title XIX",E00B19E
"E, Part E:  Subprovider 10, (c) Title XVIII",E00B18E
"E, Part E:  Subprovider 2, (c) Title XIX",E02B19E
"E, Part E:  Subprovider 2, (c) Title XVIII",E02B18E
"E, Part E:  Subprovider 3, (c) Title XIX",E03B19E
"E, Part E:  Subprovider 3, (c) Title XVIII",E03B18E
"E, Part E:  Subprovider 4, (c) Title XIX",E04B19E
"E, Part E:  Subprovider 4, (c) Title XVIII",E04B18E
"E, Part E:  Subprovider 5, (c) Title XIX",E05B19E
"E, Part E:  Subprovider 5, (c) Title XVIII",E05B18E
"E, Part E:  Subprovider 6, (c) Title XIX",E06B19E
"E, Part E:  Subprovider 6, (c) Title XVIII",E06B18E
"E, Part E:  Subprovider 7, (c) Title XIX",E07B19E
"E, Part E:  Subprovider 7, (c) Title XVIII",E07B18E
"E, Part E:  Subprovider 8, (c) Title XIX",E08B19E
"E, Part E:  Subprovider 8, (c) Title XVIII",E08B18E
"E, Part E:  Subprovider 9, (c) Title XIX",E09B19E
"E, Part E:  Subprovider 9, (c) Title XVIII",E09B18E
E-1,E001000
E-1:  Hospital Title XVIII,E10A180
E-1:  SNF Title XVIII,E10C180
"E-1:  Subprovider 1, (c) Title XVIII",E11B180
"E-1:  Subprovider 10, (c) Title XVIII",E10B180
"E-1:  Subprovider 2, (c) Title XVIII",E12B180
"E-1:  Subprovider 3, (c) Title XVIII",E13B180
"E-1:  Subprovider 4, (c) Title XVIII",E14B180
"E-1:  Subprovider 5, (c) Title XVIII",E15B180
"E-1:  Subprovider 6, (c) Title XVIII",E16B180
"E-1:  Subprovider 7, (c) Title XVIII",E17B180
"E-1:  Subprovider 8, (c) Title XVIII",E18B180
"E-1:  Subprovider 9, (c) Title XVIII",E19B180
E-1:  Swing Bed SNF Title XVIII,E10D180
E-2:  Swing Bed NF Title XIX,E20F190
E-2:  Swing Bed SNF Title XIX,E20D190
E-2:  Swing Bed SNF Title XVIII,E20D180
"E-3, Part I:  Hospital Title XVIII",E30A181
"E-3, Part I:  Subprovider 1, (c) Title XVIII",E31B181
"E-3, Part I:  Subprovider 10, (c) Title XVIII",E30B181
"E-3, Part I:  Subprovider 2, (c) Title XVIII",E32B181
"E-3, Part I:  Subprovider 3, (c) Title XVIII",E33B181
"E-3, Part I:  Subprovider 4, (c) Title XVIII",E34B181
"E-3, Part I:  Subprovider 5, (c) Title XVIII",E35B181
"E-3, Part I:  Subprovider 6, (c) Title XVIII",E36B181
"E-3, Part I:  Subprovider 7, (c) Title XVIII",E37B181
"E-3, Part I:  Subprovider 8, (c) Title XVIII",E38B181
"E-3, Part I:  Subprovider 9, (c) Title XVIII",E39B181
"E-3, Part II:  Hospital Title XVIII",E30A182
"E-3, Part II:  SNF Title XVIII",E30C182
"E-3, Part II:  Subprovider 1, (c) Title XVIII",E31B182
"E-3, Part II:  Subprovider 10, (c) Title XVIII",E30B182
"E-3, Part II:  Subprovider 2, (c) Title XVIII",E32B182
"E-3, Part II:  Subprovider 3, (c) Title XVIII",E33B182
"E-3, Part II:  Subprovider 4, (c) Title XVIII",E34B182
"E-3, Part II:  Subprovider 5, (c) Title XVIII",E35B182
"E-3, Part II:  Subprovider 6, (c) Title XVIII",E36B182
"E-3, Part II:  Subprovider 7, (c) Title XVIII",E37B182
"E-3, Part II:  Subprovider 8, (c) Title XVIII",E38B182
"E-3, Part II:  Subprovider 9, (c) Title XVIII",E39B182
"E-3, Part III:  Hospital Title XIX",E30A193
"E-3, Part III:  ICF/MR Title XIX",E30I193
"E-3, Part III:  NF Title XIX",E30E193
"E-3, Part III:  SNF Title XIX (For Title XVIII PPP, Only and Title XIX)",E30C193
"E-3, Part III:  SNF Title XVIII (For Title XVIII PPP, Only and Title XIX)",E30C183
"E-3, Part III:  Subprovider 1, (c) Title XIX",E31B193
"E-3, Part III:  Subprovider 10, (c) Title XIX",E30B193
"E-3, Part III:  Subprovider 2, (c) Title XIX",E32B193
"E-3, Part III:  Subprovider 3, (c) Title XIX",E33B193
"E-3, Part III:  Subprovider 4, (c) Title XIX",E34B193
"E-3, Part III:  Subprovider 5, (c) Title XIX",E35B193
"E-3, Part III:  Subprovider 6, (c) Title XIX",E36B193
"E-3, Part III:  Subprovider 7, (c) Title XIX",E37B193
"E-3, Part III:  Subprovider 8, (c) Title XIX",E38B193
"E-3, Part III:  Subprovider 9, (c) Title XIX",E39B193
"E-3, Part IV Title XIX",E300194
"E-3, Part IV Title XVIII",E300184
"E-3, Part V Title XVIII",E300185
"E-3, Part VI Title XVIII",E300186
G,G000000
G-1,G100000
G-2 (d),G200000
G-3,G300000
"H, Hospital-Based HHA 1 (a)",H010000
"H, Hospital-Based HHA 2 (a)",H020000
"H, Hospital-Based HHA 3 (a)",H030000
"H, Hospital-Based HHA 4 (a)",H040000
"H, Hospital-Based HHA 5 (a)",H050000
"H, Hospital-Based HHA 6 (a)",H060000
"H, Hospital-Based HHA 7 (a)",H070000
"H, Hospital-Based HHA 8 (a)",H080000
"H, Hospital-Based HHA 9 (a)",H090000
"H, Hospital-Based HHA 10 (a)",H000000
"H-1, Hospital-Based HHA 1 (a)",H110000
"H-1, Hospital-Based HHA 2 (a)",H120000
"H-1, Hospital-Based HHA 3 (a)",H130000
"H-1, Hospital-Based HHA 4 (a)",H140000
"H-1, Hospital-Based HHA 5 (a)",H150000
"H-1, Hospital-Based HHA 6 (a)",H160000
"H-1, Hospital-Based HHA 7 (a)",H170000
"H-1, Hospital-Based HHA 8 (a)",H180000
"H-1, Hospital-Based HHA 9 (a)",H190000
"H-1, Hospital-Based HHA 10 (a)",H100000
H-2 Hospital-Based HHA 1 (a),H210000
H-2 Hospital-Based HHA 2 (a),H220000
H-2 Hospital-Based HHA 3 (a),H230000
H-2 Hospital-Based HHA 4 (a),H240000
H-2 Hospital-Based HHA 5 (a),H250000
H-2 Hospital-Based HHA 6 (a),H260000
H-2 Hospital-Based HHA 7 (a),H270000
H-2 Hospital-Based HHA 8 (a),H280000
H-2 Hospital-Based HHA 9 (a),H290000
H-2 Hospital-Based HHA 10 (a),H200000
H-3 Hospital-Based HHA 1 (a),H310000
H-3 Hospital-Based HHA 2 (a),H320000
H-3 Hospital-Based HHA 3 (a),H330000
H-3 Hospital-Based HHA 4 (a),H340000
H-3 Hospital-Based HHA 5 (a),H350000
H-3 Hospital-Based HHA 6 (a),H360000
H-3 Hospital-Based HHA 7 (a),H370000
H-3 Hospital-Based HHA 8 (a),H380000
H-3 Hospital-Based HHA 9 (a),H390000
H-3 Hospital-Based HHA 10 (a),H300000
"H-4, Part I Hospital-Based HHA 1 (a)",H410001
"H-4, Part I Hospital-Based HHA 2 (a)",H420001
"H-4, Part I Hospital-Based HHA 3 (a)",H430001
"H-4, Part I Hospital-Based HHA 4 (a)",H440001
"H-4, Part I Hospital-Based HHA 5 (a)",H450001
"H-4, Part I Hospital-Based HHA 6 (a)",H460001
"H-4, Part I Hospital-Based HHA 7 (a)",H470001
"H-4, Part I Hospital-Based HHA 8 (a)",H480001
"H-4, Part I Hospital-Based HHA 9 (a)",H490001
"H-4, Part I Hospital-Based HHA 10 (a)",H400001
"H-4, Part II Hospital-Based HHA 1 (a)",H410002
"H-4, Part II Hospital-Based HHA 2 (a)",H420002
"H-4, Part II Hospital-Based HHA 3 (a)",H430002
"H-4, Part II Hospital-Based HHA 4 (a)",H440002
"H-4, Part II Hospital-Based HHA 5 (a)",H450002
"H-4, Part II Hospital-Based HHA 6 (a)",H460002
"H-4, Part II Hospital-Based HHA 7 (a)",H470002
"H-4, Part II Hospital-Based HHA 8 (a)",H480002
"H-4, Part II Hospital-Based HHA 9 (a)",H490002
"H-4, Part II Hospital-Based HHA 10 (a)",H400002
"H-5, Part I Hospital-Based HHA 1 (a)",H510001
"H-5, Part I Hospital-Based HHA 2 (a)",H520001
"H-5, Part I Hospital-Based HHA 3 (a)",H530001
"H-5, Part I Hospital-Based HHA 4 (a)",H540001
"H-5, Part I Hospital-Based HHA 5 (a)",H550001
"H-5, Part I Hospital-Based HHA 6 (a)",H560001
"H-5, Part I Hospital-Based HHA 7 (a)",H570001
"H-5, Part I Hospital-Based HHA 8 (a)",H580001
"H-5, Part I Hospital-Based HHA 9 (a)",H590001
"H-5, Part I Hospital-Based HHA 10 (a)",H500001
"H-5, Part II Hospital-Based HHA 1 (a)",H510002
"H-5, Part II Hospital-Based HHA 2 (a)",H520002
"H-5, Part II Hospital-Based HHA 3 (a)",H530002
"H-5, Part II Hospital-Based HHA 4 (a)",H540002
"H-5, Part II Hospital-Based HHA 5 (a)",H550002
"H-5, Part II Hospital-Based HHA 6 (a)",H560002
"H-5, Part II Hospital-Based HHA 7 (a)",H570002
"H-5, Part II Hospital-Based HHA 8 (a)",H580002
"H-5, Part II Hospital-Based HHA 9 (a)",H590002
"H-5, Part II Hospital-Based HHA 10 (a)",H500002
"H-6, Part I Hospital-Based HHA 1 (a) Title XIX",H610191
"H-6, Part I Hospital-Based HHA 1 (a) Title XVIII",H610181
"H-6, Part I Hospital-Based HHA 2 (a) Title XIX",H620191
"H-6, Part I Hospital-Based HHA 2 (a) Title XVIII",H620181
"H-6, Part I Hospital-Based HHA 3 (a) Title XIX",H630191
"H-6, Part I Hospital-Based HHA 3 (a) Title XVIII",H630181
"H-6, Part I Hospital-Based HHA 4 (a) Title XIX",H640191
"H-6, Part I Hospital-Based HHA 4 (a) Title XVIII",H640181
"H-6, Part I Hospital-Based HHA 5 (a) Title XIX",H650191
"H-6, Part I Hospital-Based HHA 5 (a) Title XVIII",H650181
"H-6, Part I Hospital-Based HHA 6 (a) Title XIX",H660191
"H-6, Part I Hospital-Based HHA 6 (a) Title XVIII",H660181
"H-6, Part I Hospital-Based HHA 7 (a) Title XIX",H670191
"H-6, Part I Hospital-Based HHA 7 (a) Title XVIII",H670181
"H-6, Part I Hospital-Based HHA 8 (a) Title XIX",H680191
"H-6, Part I Hospital-Based HHA 8 (a) Title XVIII",H680181
"H-6, Part I Hospital-Based HHA 9 (a) Title XIX",H690191
"H-6, Part I Hospital-Based HHA 9 (a) Title XVIII",H690181
"H-6, Part I Hospital-Based HHA 10 (a) Title XIX",H600191
"H-6, Part I Hospital-Based HHA 10 (a) Title XVIII",H600181
"H-6, Part II Hospital-Based HHA 1 (a) Title XIX",H610192
"H-6, Part II Hospital-Based HHA 1 (a) Title XVIII",H610182
"H-6, Part II Hospital-Based HHA 2 (a) Title XIX",H620192
"H-6, Part II Hospital-Based HHA 2 (a) Title XVIII",H620182
"H-6, Part II Hospital-Based HHA 3 (a) Title XIX",H630192
"H-6, Part II Hospital-Based HHA 3 (a) Title XVIII",H630182
"H-6, Part II Hospital-Based HHA 4 (a) Title XIX",H640192
"H-6, Part II Hospital-Based HHA 4 (a) Title XVIII",H640182
"H-6, Part II Hospital-Based HHA 5 (a) Title XIX",H650192
"H-6, Part II Hospital-Based HHA 5 (a) Title XVIII",H650182
"H-6, Part II Hospital-Based HHA 6 (a) Title XIX",H660192
"H-6, Part II Hospital-Based HHA 6 (a) Title XVIII",H660182
"H-6, Part II Hospital-Based HHA 7 (a) Title XIX",H670192
"H-6, Part II Hospital-Based HHA 7 (a) Title XVIII",H670182
"H-6, Part II Hospital-Based HHA 8 (a) Title XIX",H680192
"H-6, Part II Hospital-Based HHA 8 (a) Title XVIII",H680182
"H-6, Part II Hospital-Based HHA 9 (a) Title XIX",H690192
"H-6, Part II Hospital-Based HHA 9 (a) Title XVIII",H690182
"H-6, Part II Hospital-Based HHA 10 (a) Title XIX",H600192
"H-6, Part II Hospital-Based HHA 10 (a) Title XVIII",H600182
"H-6, Part III Hospital-Based HHA 1 (a) Title XIX",H610193
"H-6, Part III Hospital-Based HHA 1 (a) Title XVIII",H610183
"H-6, Part III Hospital-Based HHA 2 (a) Title XIX",H620193
"H-6, Part III Hospital-Based HHA 2 (a) Title XVIII",H620183
"H-6, Part III Hospital-Based HHA 3 (a) Title XIX",H630193
"H-6, Part III Hospital-Based HHA 3 (a) Title XVIII",H630183
"H-6, Part III Hospital-Based HHA 4 (a) Title XIX",H640193
"H-6, Part III Hospital-Based HHA 4 (a) Title XVIII",H640183
"H-6, Part III Hospital-Based HHA 5 (a) Title XIX",H650193
"H-6, Part III Hospital-Based HHA 5 (a) Title XVIII",H650183
"H-6, Part III Hospital-Based HHA 6 (a) Title XIX",H660193
"H-6, Part III Hospital-Based HHA 6 (a) Title XVIII",H660183
"H-6, Part III Hospital-Based HHA 7 (a) Title XIX",H670193
"H-6, Part III Hospital-Based HHA 7 (a) Title XVIII",H670183
"H-6, Part III Hospital-Based HHA 8 (a) Title XIX",H680193
"H-6, Part III Hospital-Based HHA 8 (a) Title XVIII",H680183
"H-6, Part III Hospital-Based HHA 9 (a) Title XIX",H690193
"H-6, Part III Hospital-Based HHA 9 (a) Title XVIII",H690183
"H-6, Part III Hospital-Based HHA 10 (a) Title XIX",H600193
"H-6, Part III Hospital-Based HHA 10 (a) Title XVIII",H600183
"H-7, Hospital-Based HHA 1 (d) (a) Title XIX",H710190
"H-7, Hospital-Based HHA 1 (d) (a) Title XVIII",H710180
"H-7, Hospital-Based HHA 2 (d) (a) Title XIX",H720190
"H-7, Hospital-Based HHA 2 (d) (a) Title XVIII",H720180
"H-7, Hospital-Based HHA 3 (d) (a) Title XIX",H730190
"H-7, Hospital-Based HHA 3 (d) (a) Title XVIII",H730180
"H-7, Hospital-Based HHA 4 (d) (a) Title XIX",H740190
"H-7, Hospital-Based HHA 4 (d) (a) Title XVIII",H740180
"H-7, Hospital-Based HHA 5 (d) (a) Title XIX",H750190
"H-7, Hospital-Based HHA 5 (d) (a) Title XVIII",H750180
"H-7, Hospital-Based HHA 6 (d) (a) Title XIX",H760190
"H-7, Hospital-Based HHA 6 (d) (a) Title XVIII",H760180
"H-7, Hospital-Based HHA 7 (d) (a) Title XIX",H770190
"H-7, Hospital-Based HHA 7 (d) (a) Title XVIII",H770180
"H-7, Hospital-Based HHA 8 (d) (a) Title XIX",H780190
"H-7, Hospital-Based HHA 8 (d) (a) Title XVIII",H780180
"H-7, Hospital-Based HHA 9 (d) (a) Title XIX",H790190
"H-7, Hospital-Based HHA 9 (d) (a) Title XVIII",H790180
"H-7, Hospital-Based HHA 10 (d) (a) Title XIX",H700190
"H-7, Hospital-Based HHA 10 (d) (a) Title XVIII",H700180
"H-8, Hospital-Based HHA 1 (a)",H810000
"H-8, Hospital-Based HHA 2 (a)",H820000
"H-8, Hospital-Based HHA 3 (a)",H830000
"H-8, Hospital-Based HHA 4 (a)",H840000
"H-8, Hospital-Based HHA 5 (a)",H850000
"H-8, Hospital-Based HHA 6 (a)",H860000
"H-8, Hospital-Based HHA 7 (a)",H870000
"H-8, Hospital-Based HHA 8 (a)",H880000
"H-8, Hospital-Based HHA 9 (a)",H890000
"H-8, Hospital-Based HHA 10 (a)",H800000
I-1 Home Program Dialysis (f),I1H0000
I-1 Renal Dialysis Department (f),I1D0000
I-2 Home Program Dialysis (f),I2H0000
I-2 Renal Dialysis Department (f),I2D0000
I-3 Home Program Dialysis (f),I3H0000
I-3 Renal Dialysis Department (f),I3D0000
I-4,I400000
"I-4 Home Program Dialysis, Pay Rate 1 (f, g)",I4H0010
"I-4 Home Program Dialysis, Pay Rate 2 (f, g)",I4H0020
"I-4 Home Program Dialysis, Pay Rate 3 (f, g)",I4H0030
"I-4 Home Program Dialysis, Pay Rate 4 (f, g)",I4H0040
"I-4 Home Program Dialysis, Pay Rate 5 (f, g)",I4H0050
"I-4 Home Program Dialysis, Pay Rate 6 (f, g)",I4H0060
"I-4 Home Program Dialysis, Pay Rate 7 (f, g)",I4H0070
"I-4 Home Program Dialysis, Pay Rate 8 (f, g)",I4H0080
"I-4 Home Program Dialysis, Pay Rate 9 (f, g)",I4H0090
"I-4 Renal Dialysis Department, Pay Rate 1 (f, g)",I4D0010
"I-4 Renal Dialysis Department, Pay Rate 2 (f, g)",I4D0020
"I-4 Renal Dialysis Department, Pay Rate 3 (f, g)",I4D0030
"I-4 Renal Dialysis Department, Pay Rate 4 (f, g)",I4D0040
"I-4 Renal Dialysis Department, Pay Rate 5 (f, g)",I4D0050
"I-4 Renal Dialysis Department, Pay Rate 6 (f, g)",I4D0060
"I-4 Renal Dialysis Department, Pay Rate 7 (f, g)",I4D0070
"I-4 Renal Dialysis Department, Pay Rate 8 (f, g)",I4D0080
"I-4 Renal Dialysis Department, Pay Rate 9 (f, g)",I4D0090
I-5,I500000
"J-1, Part I: Community Mental Health Center 1 (CMHC) (b)",J11G001
"J-1, Part I: Community Mental Health Center 2 (CMHC) (b)",J12G001
"J-1, Part I: Community Mental Health Center 3 (CMHC) (b)",J13G001
"J-1, Part I: Community Mental Health Center 4 (CMHC) (b)",J14G001
"J-1, Part I: Community Mental Health Center 5 (CMHC) (b)",J15G001
"J-1, Part I: Community Mental Health Center 6 (CMHC) (b)",J16G001
"J-1, Part I: Community Mental Health Center 7 (CMHC) (b)",J17G001
"J-1, Part I: Community Mental Health Center 8 (CMHC) (b)",J18G001
"J-1, Part I: Community Mental Health Center 9 (CMHC) (b)",J19G001
"J-1, Part I: Community Mental Health Center 10 (CMHC) (b)",J10G001
"J-1, Part I: Comprehensive Outpatient Rehabilitation Facilities 1 (CORF) (b)",J11H001
"J-1, Part I: Comprehensive Outpatient Rehabilitation Facilities 2 (CORF) (b)",J12H001
"J-1, Part I: Comprehensive Outpatient Rehabilitation Facilities 3 (CORF) (b)",J13H001
"J-1, Part I: Comprehensive Outpatient Rehabilitation Facilities 4 (CORF) (b)",J14H001
"J-1, Part I: Comprehensive Outpatient Rehabilitation Facilities 5 (CORF) (b)",J15H001
"J-1, Part I: Comprehensive Outpatient Rehabilitation Facilities 6 (CORF) (b)",J16H001
"J-1, Part I: Comprehensive Outpatient Rehabilitation Facilities 7 (CORF) (b)",J17H001
"J-1, Part I: Comprehensive Outpatient Rehabilitation Facilities 8 (CORF) (b)",J18H001
"J-1, Part I: Comprehensive Outpatient Rehabilitation Facilities 9 (CORF) (b)",J19H001
"J-1, Part I: Comprehensive Outpatient Rehabilitation Facilities 10 (CORF) (b)",J10H001
"J-1, Part I: Outpatient Occupational Therapy (OOT) 1 (b)",J11K001
"J-1, Part I: Outpatient Occupational Therapy (OOT) 2 (b)",J12K001
"J-1, Part I: Outpatient Occupational Therapy (OOT) 3 (b)",J13K001
"J-1, Part I: Outpatient Occupational Therapy (OOT) 4 (b)",J14K001
"J-1, Part I: Outpatient Occupational Therapy (OOT) 5 (b)",J15K001
"J-1, Part I: Outpatient Occupational Therapy (OOT) 6 (b)",J16K001
"J-1, Part I: Outpatient Occupational Therapy (OOT) 7 (b)",J17K001
"J-1, Part I: Outpatient Occupational Therapy (OOT) 8 (b)",J18K001
"J-1, Part I: Outpatient Occupational Therapy (OOT) 9 (b)",J19K001
"J-1, Part I: Outpatient Occupational Therapy (OOT) 10 (b)",J10K001
"J-1, Part I: Outpatient Physical Therapy (OPT) 1 (b)",J11J001
"J-1, Part I: Outpatient Physical Therapy (OPT) 2 (b)",J12J001
"J-1, Part I: Outpatient Physical Therapy (OPT) 3 (b)",J13J001
"J-1, Part I: Outpatient Physical Therapy (OPT) 4 (b)",J14J001
"J-1, Part I: Outpatient Physical Therapy (OPT) 5 (b)",J15J001
"J-1, Part I: Outpatient Physical Therapy (OPT) 6 (b)",J16J001
"J-1, Part I: Outpatient Physical Therapy (OPT) 7 (b)",J17J001
"J-1, Part I: Outpatient Physical Therapy (OPT) 8 (b)",J18J001
"J-1, Part I: Outpatient Physical Therapy (OPT) 9 (b)",J19J001
"J-1, Part I: Outpatient Physical Therapy (OPT) 10 (b)",J10J001
"J-1, Part I: Outpatient Speech Therapy (OSP) 1 (b)",J11L001
"J-1, Part I: Outpatient Speech Therapy (OSP) 2 (b)",J12L001
"J-1, Part I: Outpatient Speech Therapy (OSP) 3 (b)",J13L001
"J-1, Part I: Outpatient Speech Therapy (OSP) 4 (b)",J14L001
"J-1, Part I: Outpatient Speech Therapy (OSP) 5 (b)",J15L001
"J-1, Part I: Outpatient Speech Therapy (OSP) 6 (b)",J16L001
"J-1, Part I: Outpatient Speech Therapy (OSP) 7 (b)",J17L001
"J-1, Part I: Outpatient Speech Therapy (OSP) 8 (b)",J18L001
"J-1, Part I: Outpatient Speech Therapy (OSP) 9 (b)",J19L001
"J-1, Part I: Outpatient Speech Therapy (OSP) 10 (b)",J10L001
"J-1, Part II: Community Mental Health Center 1 (CMHC) (b)",J11G002
"J-1, Part II: Community Mental Health Center 2 (CMHC) (b)",J12G002
"J-1, Part II: Community Mental Health Center 3 (CMHC) (b)",J13G002
"J-1, Part II: Community Mental Health Center 4 (CMHC) (b)",J14G002
"J-1, Part II: Community Mental Health Center 5 (CMHC) (b)",J15G002
"J-1, Part II: Community Mental Health Center 6 (CMHC) (b)",J16G002
"J-1, Part II: Community Mental Health Center 7 (CMHC) (b)",J17G002
"J-1, Part II: Community Mental Health Center 8 (CMHC) (b)",J18G002
"J-1, Part II: Community Mental Health Center 9 (CMHC) (b)",J19G002
"J-1, Part II: Community Mental Health Center 10 (CMHC) (b)",J10G002
"J-1, Part II: Comprehensive Outpatient Rehabilitation Facilities 1 (CORF) (b)",J11H002
"J-1, Part II: Comprehensive Outpatient Rehabilitation Facilities 2 (CORF) (b)",J12H002
"J-1, Part II: Comprehensive Outpatient Rehabilitation Facilities 3 (CORF) (b)",J13H002
"J-1, Part II: Comprehensive Outpatient Rehabilitation Facilities 4 (CORF) (b)",J14H002
"J-1, Part II: Comprehensive Outpatient Rehabilitation Facilities 5 (CORF) (b)",J15H002
"J-1, Part II: Comprehensive Outpatient Rehabilitation Facilities 6 (CORF) (b)",J16H002
"J-1, Part II: Comprehensive Outpatient Rehabilitation Facilities 7 (CORF) (b)",J17H002
"J-1, Part II: Comprehensive Outpatient Rehabilitation Facilities 8 (CORF) (b)",J18H002
"J-1, Part II: Comprehensive Outpatient Rehabilitation Facilities 9 (CORF) (b)",J19H002
"J-1, Part II: Comprehensive Outpatient Rehabilitation Facilities 10 (CORF) (b)",J10H002
"J-1, Part II: Outpatient Occupational Therapy (OOT) 1 (b)",J11K002
"J-1, Part II: Outpatient Occupational Therapy (OOT) 2 (b)",J12K002
"J-1, Part II: Outpatient Occupational Therapy (OOT) 3 (b)",J13K002
"J-1, Part II: Outpatient Occupational Therapy (OOT) 4 (b)",J14K002
"J-1, Part II: Outpatient Occupational Therapy (OOT) 5 (b)",J15K002
"J-1, Part II: Outpatient Occupational Therapy (OOT) 6 (b)",J16K002
"J-1, Part II: Outpatient Occupational Therapy (OOT) 7 (b)",J17K002
"J-1, Part II: Outpatient Occupational Therapy (OOT) 8 (b)",J18K002
"J-1, Part II: Outpatient Occupational Therapy (OOT) 9 (b)",J19K002
"J-1, Part II: Outpatient Occupational Therapy (OOT) 10 (b)",J10K002
"J-1, Part II: Outpatient Physical Therapy (OPT) 1 (b)",J11J002
"J-1, Part II: Outpatient Physical Therapy (OPT) 2 (b)",J12J002
"J-1, Part II: Outpatient Physical Therapy (OPT) 3 (b)",J13J002
"J-1, Part II: Outpatient Physical Therapy (OPT) 4 (b)",J14J002
"J-1, Part II: Outpatient Physical Therapy (OPT) 5 (b)",J15J002
"J-1, Part II: Outpatient Physical Therapy (OPT) 6 (b)",J16J002
"J-1, Part II: Outpatient Physical Therapy (OPT) 7 (b)",J17J002
"J-1, Part II: Outpatient Physical Therapy (OPT) 8 (b)",J18J002
"J-1, Part II: Outpatient Physical Therapy (OPT) 9 (b)",J19J002
"J-1, Part II: Outpatient Physical Therapy (OPT) 10 (b)",J10J002
"J-1, Part II: Outpatient Speech Therapy (OSP) 1 (b)",J11L002
"J-1, Part II: Outpatient Speech Therapy (OSP) 2 (b)",J12L002
"J-1, Part II: Outpatient Speech Therapy (OSP) 3 (b)",J13L002
"J-1, Part II: Outpatient Speech Therapy (OSP) 4 (b)",J14L002
"J-1, Part II: Outpatient Speech Therapy (OSP) 5 (b)",J15L002
"J-1, Part II: Outpatient Speech Therapy (OSP) 6 (b)",J16L002
"J-1, Part II: Outpatient Speech Therapy (OSP) 7 (b)",J17L002
"J-1, Part II: Outpatient Speech Therapy (OSP) 8 (b)",J18L002
"J-1, Part II: Outpatient Speech Therapy (OSP) 9 (b)",J19L002
"J-1, Part II: Outpatient Speech Therapy (OSP) 10 (b)",J10L002
"J-2, (d): Community Mental Health Centers 1 (CMHC) (b)",J21G000
"J-2, (d): Community Mental Health Centers 2 (CMHC) (b)",J22G000
"J-2, (d): Community Mental Health Centers 3 (CMHC) (b)",J23G000
"J-2, (d): Community Mental Health Centers 4 (CMHC) (b)",J24G000
"J-2, (d): Community Mental Health Centers 5 (CMHC) (b)",J25G000
"J-2, (d): Community Mental Health Centers 6 (CMHC) (b)",J26G000
"J-2, (d): Community Mental Health Centers 7 (CMHC) (b)",J27G000
"J-2, (d): Community Mental Health Centers 8 (CMHC) (b)",J28G000
"J-2, (d): Community Mental Health Centers 9 (CMHC) (b)",J29G000
"J-2, (d): Community Mental Health Centers 10 (CMHC) (b)",J20G000
"J-2, (d): Comprehensive Outpatient Rehabilitation Facilities 1 (CORF) (b)",J21H000
"J-2, (d): Comprehensive Outpatient Rehabilitation Facilities 2 (CORF) (b)",J22H000
"J-2, (d): Comprehensive Outpatient Rehabilitation Facilities 3 (CORF) (b)",J23H000
"J-2, (d): Comprehensive Outpatient Rehabilitation Facilities 4 (CORF) (b)",J24H000
"J-2, (d): Comprehensive Outpatient Rehabilitation Facilities 5 (CORF) (b)",J25H000
"J-2, (d): Comprehensive Outpatient Rehabilitation Facilities 6 (CORF) (b)",J26H000
"J-2, (d): Comprehensive Outpatient Rehabilitation Facilities 7 (CORF) (b)",J27H000
"J-2, (d): Comprehensive Outpatient Rehabilitation Facilities 8 (CORF) (b)",J28H000
"J-2, (d): Comprehensive Outpatient Rehabilitation Facilities 9 (CORF) (b)",J29H000
"J-2, (d): Comprehensive Outpatient Rehabilitation Facilities 10 (CORF) (b)",J20H000
"J-2, (d): Outpatient Occupational Therapy 1 (OOT) (b)",J21K000
"J-2, (d): Outpatient Occupational Therapy 2 (OOT) (b)",J22K000
"J-2, (d): Outpatient Occupational Therapy 3 (OOT) (b)",J23K000
"J-2, (d): Outpatient Occupational Therapy 4 (OOT) (b)",J24K000
"J-2, (d): Outpatient Occupational Therapy 5 (OOT) (b)",J25K000
"J-2, (d): Outpatient Occupational Therapy 6 (OOT) (b)",J26K000
"J-2, (d): Outpatient Occupational Therapy 7 (OOT) (b)",J27K000
"J-2, (d): Outpatient Occupational Therapy 8 (OOT) (b)",J28K000
"J-2, (d): Outpatient Occupational Therapy 9 (OOT) (b)",J29K000
"J-2, (d): Outpatient Occupational Therapy 10 (OOT) (b)",J20K000
"J-2, (d): Outpatient Physical Therapy 1 (OPT) (b)",J21J000
"J-2, (d): Outpatient Physical Therapy 2 (OPT) (b)",J22J000
"J-2, (d): Outpatient Physical Therapy 3 (OPT) (b)",J23J000
"J-2, (d): Outpatient Physical Therapy 4 (OPT) (b)",J24J000
"J-2, (d): Outpatient Physical Therapy 5 (OPT) (b)",J25J000
"J-2, (d): Outpatient Physical Therapy 6 (OPT) (b)",J26J000
"J-2, (d): Outpatient Physical Therapy 7 (OPT) (b)",J27J000
"J-2, (d): Outpatient Physical Therapy 8 (OPT) (b)",J28J000
"J-2, (d): Outpatient Physical Therapy 9 (OPT) (b)",J29J000
"J-2, (d): Outpatient Physical Therapy 10 (OPT) (b)",J20J000
"J-2, (d): Outpatient Speech Therapy 1 (OSP) (b)",J21L000
"J-2, (d): Outpatient Speech Therapy 2 (OSP) (b)",J22L000
"J-2, (d): Outpatient Speech Therapy 3 (OSP) (b)",J23L000
"J-2, (d): Outpatient Speech Therapy 4 (OSP) (b)",J24L000
"J-2, (d): Outpatient Speech Therapy 5 (OSP) (b)",J25L000
"J-2, (d): Outpatient Speech Therapy 6 (OSP) (b)",J26L000
"J-2, (d): Outpatient Speech Therapy 7 (OSP) (b)",J27L000
"J-2, (d): Outpatient Speech Therapy 8 (OSP) (b)",J28L000
"J-2, (d): Outpatient Speech Therapy 9 (OSP) (b)",J29L000
"J-2, (d): Outpatient Speech Therapy 10 (OSP) (b)",J20L000
"J-3, Community Mental Health Center 1 (CMHC) (b) Title XIX",J31G190
"J-3, Community Mental Health Center 1 (CMHC) (b) Title XVIII",J31G180
"J-3, Community Mental Health Center 2 (CMHC) (b) Title XIX",J32G190
"J-3, Community Mental Health Center 2 (CMHC) (b) Title XVIII",J32G180
"J-3, Community Mental Health Center 3 (CMHC) (b) Title XIX",J33G190
"J-3, Community Mental Health Center 3 (CMHC) (b) Title XVIII",J33G180
"J-3, Community Mental Health Center 4 (CMHC) (b) Title XIX",J34G190
"J-3, Community Mental Health Center 4 (CMHC) (b) Title XVIII",J34G180
"J-3, Community Mental Health Center 5 (CMHC) (b) Title XIX",J35G190
"J-3, Community Mental Health Center 5 (CMHC) (b) Title XVIII",J35G180
"J-3, Community Mental Health Center 6 (CMHC) (b) Title XIX",J36G190
"J-3, Community Mental Health Center 6 (CMHC) (b) Title XVIII",J36G180
"J-3, Community Mental Health Center 7 (CMHC) (b) Title XIX",J37G190
"J-3, Community Mental Health Center 7 (CMHC) (b) Title XVIII",J37G180
"J-3, Community Mental Health Center 8 (CMHC) (b) Title XIX",J38G190
"J-3, Community Mental Health Center 8 (CMHC) (b) Title XVIII",J38G180
"J-3, Community Mental Health Center 9 (CMHC) (b) Title XIX",J39G190
"J-3, Community Mental Health Center 9 (CMHC) (b) Title XVIII",J39G180
"J-3, Community Mental Health Center 10 (CMHC) (b) Title XIX",J30G190
"J-3, Community Mental Health Center 10 (CMHC) (b) Title XVIII",J30G180
"J-3, Comprehensive Outpatient Rehabilitation Facility 1 (CORF) (b) Title XIX",J31H190
"J-3, Comprehensive Outpatient Rehabilitation Facility 1 (CORF) (b) Title XVIII",J31H180
"J-3, Comprehensive Outpatient Rehabilitation Facility 2 (CORF) (b) Title XIX",J32H190
"J-3, Comprehensive Outpatient Rehabilitation Facility 2 (CORF) (b) Title XVIII",J32H180
"J-3, Comprehensive Outpatient Rehabilitation Facility 3 (CORF) (b) Title XIX",J33H190
"J-3, Comprehensive Outpatient Rehabilitation Facility 3 (CORF) (b) Title XVIII",J33H180
"J-3, Comprehensive Outpatient Rehabilitation Facility 4 (CORF) (b) Title XIX",J34H190
"J-3, Comprehensive Outpatient Rehabilitation Facility 4 (CORF) (b) Title XVIII",J34H180
"J-3, Comprehensive Outpatient Rehabilitation Facility 5 (CORF) (b) Title XIX",J35H190
"J-3, Comprehensive Outpatient Rehabilitation Facility 5 (CORF) (b) Title XVIII",J35H180
"J-3, Comprehensive Outpatient Rehabilitation Facility 6 (CORF) (b) Title XIX",J36H190
"J-3, Comprehensive Outpatient Rehabilitation Facility 6 (CORF) (b) Title XVIII",J36H180
"J-3, Comprehensive Outpatient Rehabilitation Facility 7 (CORF) (b) Title XIX",J37H190
"J-3, Comprehensive Outpatient Rehabilitation Facility 7 (CORF) (b) Title XVIII",J37H180
"J-3, Comprehensive Outpatient Rehabilitation Facility 8 (CORF) (b) Title XIX",J38H190
"J-3, Comprehensive Outpatient Rehabilitation Facility 8 (CORF) (b) Title XVIII",J38H180
"J-3, Comprehensive Outpatient Rehabilitation Facility 9 (CORF) (b) Title XIX",J39H190
"J-3, Comprehensive Outpatient Rehabilitation Facility 9 (CORF) (b) Title XVIII",J39H180
"J-3, Comprehensive Outpatient Rehabilitation Facility 10 (CORF) (b) Title XIX",J30H190
"J-3, Comprehensive Outpatient Rehabilitation Facility 10 (CORF) (b) Title XVIII",J30H180
"J-3, Outpatient Occupational Therapy 1 (OOT) (b) Title XIX",J31K190
"J-3, Outpatient Occupational Therapy 1 (OOT) (b) Title XVIII",J31K180
"J-3, Outpatient Occupational Therapy 2 (OOT) (b) Title XIX",J32K190
"J-3, Outpatient Occupational Therapy 2 (OOT) (b) Title XVIII",J32K180
"J-3, Outpatient Occupational Therapy 3 (OOT) (b) Title XIX",J33K190
"J-3, Outpatient Occupational Therapy 3 (OOT) (b) Title XVIII",J33K180
"J-3, Outpatient Occupational Therapy 4 (OOT) (b) Title XIX",J34K190
"J-3, Outpatient Occupational Therapy 4 (OOT) (b) Title XVIII",J34K180
"J-3, Outpatient Occupational Therapy 5 (OOT) (b) Title XIX",J35K190
"J-3, Outpatient Occupational Therapy 5 (OOT) (b) Title XVIII",J35K180
"J-3, Outpatient Occupational Therapy 6 (OOT) (b) Title XIX",J36K190
"J-3, Outpatient Occupational Therapy 6 (OOT) (b) Title XVIII",J36K180
"J-3, Outpatient Occupational Therapy 7 (OOT) (b) Title XIX",J37K190
"J-3, Outpatient Occupational Therapy 7 (OOT) (b) Title XVIII",J37K180
"J-3, Outpatient Occupational Therapy 8 (OOT) (b) Title XIX",J38K190
"J-3, Outpatient Occupational Therapy 8 (OOT) (b) Title XVIII",J38K180
"J-3, Outpatient Occupational Therapy 9 (OOT) (b) Title XIX",J39K190
"J-3, Outpatient Occupational Therapy 9 (OOT) (b) Title XVIII",J39K180
"J-3, Outpatient Occupational Therapy 10 (OOT) (b) Title XIX",J30K190
"J-3, Outpatient Occupational Therapy 10 (OOT) (b) Title XVIII",J30K180
"J-3, Outpatient Physical Therapy 1 (OPT) (b) Title XIX",J31J190
"J-3, Outpatient Physical Therapy 1 (OPT) (b) Title XVIII",J31J180
"J-3, Outpatient Physical Therapy 2 (OPT) (b) Title XIX",J32J190
"J-3, Outpatient Physical Therapy 2 (OPT) (b) Title XVIII",J32J180
"J-3, Outpatient Physical Therapy 3 (OPT) (b) Title XIX",J33J190
"J-3, Outpatient Physical Therapy 3 (OPT) (b) Title XVIII",J33J180
"J-3, Outpatient Physical Therapy 4 (OPT) (b) Title XIX",J34J190
"J-3, Outpatient Physical Therapy 4 (OPT) (b) Title XVIII",J34J180
"J-3, Outpatient Physical Therapy 5 (OPT) (b) Title XIX",J35J190
"J-3, Outpatient Physical Therapy 5 (OPT) (b) Title XVIII",J35J180
"J-3, Outpatient Physical Therapy 6 (OPT) (b) Title XIX",J36J190
"J-3, Outpatient Physical Therapy 6 (OPT) (b) Title XVIII",J36J180
"J-3, Outpatient Physical Therapy 7 (OPT) (b) Title XIX",J37J190
"J-3, Outpatient Physical Therapy 7 (OPT) (b) Title XVIII",J37J180
"J-3, Outpatient Physical Therapy 8 (OPT) (b) Title XIX",J38J190
"J-3, Outpatient Physical Therapy 8 (OPT) (b) Title XVIII",J38J180
"J-3, Outpatient Physical Therapy 9 (OPT) (b) Title XIX",J39J190
"J-3, Outpatient Physical Therapy 9 (OPT) (b) Title XVIII",J39J180
"J-3, Outpatient Physical Therapy 10 (OPT) (b) Title XIX",J30J190
"J-3, Outpatient Physical Therapy 10 (OPT) (b) Title XVIII",J30J180
"J-3, Outpatient Speech Therapy 1 (OSP) (b) Title XIX",J31L190
"J-3, Outpatient Speech Therapy 1 (OSP) (b) Title XVIII",J31L180
"J-3, Outpatient Speech Therapy 2 (OSP) (b) Title XIX",J32L190
"J-3, Outpatient Speech Therapy 2 (OSP) (b) Title XVIII",J32L180
"J-3, Outpatient Speech Therapy 3 (OSP) (b) Title XIX",J33L190
"J-3, Outpatient Speech Therapy 3 (OSP) (b) Title XVIII",J33L180
"J-3, Outpatient Speech Therapy 4 (OSP) (b) Title XIX",J34L190
"J-3, Outpatient Speech Therapy 4 (OSP) (b) Title XVIII",J34L180
"J-3, Outpatient Speech Therapy 5 (OSP) (b) Title XIX",J35L190
"J-3, Outpatient Speech Therapy 5 (OSP) (b) Title XVIII",J35L180
"J-3, Outpatient Speech Therapy 6 (OSP) (b) Title XIX",J36L190
"J-3, Outpatient Speech Therapy 6 (OSP) (b) Title XVIII",J36L180
"J-3, Outpatient Speech Therapy 7 (OSP) (b) Title XIX",J37L190
"J-3, Outpatient Speech Therapy 7 (OSP) (b) Title XVIII",J37L180
"J-3, Outpatient Speech Therapy 8 (OSP) (b) Title XIX",J38L190
"J-3, Outpatient Speech Therapy 8 (OSP) (b) Title XVIII",J38L180
"J-3, Outpatient Speech Therapy 9 (OSP) (b) Title XIX",J39L190
"J-3, Outpatient Speech Therapy 9 (OSP) (b) Title XVIII",J39L180
"J-3, Outpatient Speech Therapy 10 (OSP) (b) Title XIX",J30L190
"J-3, Outpatient Speech Therapy 10 (OSP) (b) Title XVIII",J30L180
"J-4, Community Mental Health Centers 1 (CMHC) (b) Title XVIII",J41G180
"J-4, Community Mental Health Centers 2 (CMHC) (b) Title XVIII",J42G180
"J-4, Community Mental Health Centers 3 (CMHC) (b) Title XVIII",J43G180
"J-4, Community Mental Health Centers 4 (CMHC) (b) Title XVIII",J44G180
"J-4, Community Mental Health Centers 5 (CMHC) (b) Title XVIII",J45G180
"J-4, Community Mental Health Centers 6 (CMHC) (b) Title XVIII",J46G180
"J-4, Community Mental Health Centers 7 (CMHC) (b) Title XVIII",J47G180
"J-4, Community Mental Health Centers 8 (CMHC) (b) Title XVIII",J48G180
"J-4, Community Mental Health Centers 9 (CMHC) (b) Title XVIII",J49G180
"J-4, Community Mental Health Centers 10 (CMHC) (b) Title XVIII",J40G180
"J-4, Comprehensive Outpatient Rehabilitation Facility 1 (CORF) (b) Title XVIII",J41H180
"J-4, Comprehensive Outpatient Rehabilitation Facility 2 (CORF) (b) Title XVIII",J42H180
"J-4, Comprehensive Outpatient Rehabilitation Facility 3 (CORF) (b) Title XVIII",J43H180
"J-4, Comprehensive Outpatient Rehabilitation Facility 4 (CORF) (b) Title XVIII",J44H180
"J-4, Comprehensive Outpatient Rehabilitation Facility 5 (CORF) (b) Title XVIII",J45H180
"J-4, Comprehensive Outpatient Rehabilitation Facility 6 (CORF) (b) Title XVIII",J46H180
"J-4, Comprehensive Outpatient Rehabilitation Facility 7 (CORF) (b) Title XVIII",J47H180
"J-4, Comprehensive Outpatient Rehabilitation Facility 8 (CORF) (b) Title XVIII",J48H180
"J-4, Comprehensive Outpatient Rehabilitation Facility 9 (CORF) (b) Title XVIII",J49H180
"J-4, Comprehensive Outpatient Rehabilitation Facility 10 (CORF) (b) Title XVIII",J40H180
"J-4, Outpatient Occupational Therapy 1 (OOT) (b) Title XVIII",J41K180
"J-4, Outpatient Occupational Therapy 2 (OOT) (b) Title XVIII",J42K180
"J-4, Outpatient Occupational Therapy 3 (OOT) (b) Title XVIII",J43K180
"J-4, Outpatient Occupational Therapy 4 (OOT) (b) Title XVIII",J44K180
"J-4, Outpatient Occupational Therapy 5 (OOT) (b) Title XVIII",J45K180
"J-4, Outpatient Occupational Therapy 6 (OOT) (b) Title XVIII",J46K180
"J-4, Outpatient Occupational Therapy 7 (OOT) (b) Title XVIII",J47K180
"J-4, Outpatient Occupational Therapy 8 (OOT) (b) Title XVIII",J48K180
"J-4, Outpatient Occupational Therapy 9 (OOT) (b) Title XVIII",J49K180
"J-4, Outpatient Occupational Therapy 10 (OOT) (b) Title XVIII",J40K180
"J-4, Outpatient Physical Therapy 1 (OPT) (b) Title XVIII",J41J180
"J-4, Outpatient Physical Therapy 2 (OPT) (b) Title XVIII",J42J180
"J-4, Outpatient Physical Therapy 3 (OPT) (b) Title XVIII",J43J180
"J-4, Outpatient Physical Therapy 4 (OPT) (b) Title XVIII",J44J180
"J-4, Outpatient Physical Therapy 5 (OPT) (b) Title XVIII",J45J180
"J-4, Outpatient Physical Therapy 6 (OPT) (b) Title XVIII",J46J180
"J-4, Outpatient Physical Therapy 7 (OPT) (b) Title XVIII",J47J180
"J-4, Outpatient Physical Therapy 8 (OPT) (b) Title XVIII",J48J180
"J-4, Outpatient Physical Therapy 9 (OPT) (b) Title XVIII",J49J180
"J-4, Outpatient Physical Therapy 10 (OPT) (b) Title XVIII",J40J180
"J-4, Outpatient Speech Therapy 1 (OSP) (b) Title XVIII",J41L180
"J-4, Outpatient Speech Therapy 2 (OSP) (b) Title XVIII",J42L180
"J-4, Outpatient Speech Therapy 3 (OSP) (b) Title XVIII",J43L180
"J-4, Outpatient Speech Therapy 4 (OSP) (b) Title XVIII",J44L180
"J-4, Outpatient Speech Therapy 5 (OSP) (b) Title XVIII",J45L180
"J-4, Outpatient Speech Therapy 6 (OSP) (b) Title XVIII",J46L180
"J-4, Outpatient Speech Therapy 7 (OSP) (b) Title XVIII",J47L180
"J-4, Outpatient Speech Therapy 8 (OSP) (b) Title XVIII",J48L180
"J-4, Outpatient Speech Therapy 9 (OSP) (b) Title XVIII",J49L180
"J-4, Outpatient Speech Therapy 10 (OSP) (b) Title XVIII",J40L180
"K, Hospital-Based Hospice 1 (k)",K010000
"K, Hospital-Based Hospice 2 (k)",K020000
"K, Hospital-Based Hospice 3 (k)",K030000
"K, Hospital-Based Hospice 4 (k)",K040000
"K, Hospital-Based Hospice 5 (k)",K050000
"K, Hospital-Based Hospice 6 (k)",K060000
"K, Hospital-Based Hospice 7 (k)",K070000
"K, Hospital-Based Hospice 8 (k)",K080000
"K, Hospital-Based Hospice 9 (k)",K090000
"K, Hospital-Based Hospice 10 (k)",K000000
"K-1, Hospital-Based Hospice 1 (k)",K110000
"K-1, Hospital-Based Hospice 2 (k)",K120000
"K-1, Hospital-Based Hospice 3 (k)",K130000
"K-1, Hospital-Based Hospice 4 (k)",K140000
"K-1, Hospital-Based Hospice 5 (k)",K150000
"K-1, Hospital-Based Hospice 6 (k)",K160000
"K-1, Hospital-Based Hospice 7 (k)",K170000
"K-1, Hospital-Based Hospice 8 (k)",K180000
"K-1, Hospital-Based Hospice 9 (k)",K190000
"K-1, Hospital-Based Hospice 10 (k)",K100000
"K-2, Hospital-Based Hospice 1 (k)",K210000
"K-2, Hospital-Based Hospice 2 (k)",K220000
"K-2, Hospital-Based Hospice 3 (k)",K230000
"K-2, Hospital-Based Hospice 4 (k)",K240000
"K-2, Hospital-Based Hospice 5 (k)",K250000
"K-2, Hospital-Based Hospice 6 (k)",K260000
"K-2, Hospital-Based Hospice 7 (k)",K270000
"K-2, Hospital-Based Hospice 8 (k)",K280000
"K-2, Hospital-Based Hospice 9 (k)",K290000
"K-2, Hospital-Based Hospice 10 (k)",K200000
"K-3, Hospital-Based Hospice 1 (k)",K310000
"K-3, Hospital-Based Hospice 2 (k)",K320000
"K-3, Hospital-Based Hospice 3 (k)",K330000
"K-3, Hospital-Based Hospice 4 (k)",K340000
"K-3, Hospital-Based Hospice 5 (k)",K350000
"K-3, Hospital-Based Hospice 6 (k)",K360000
"K-3, Hospital-Based Hospice 7 (k)",K370000
"K-3, Hospital-Based Hospice 8 (k)",K380000
"K-3, Hospital-Based Hospice 9 (k)",K390000
"K-3, Hospital-Based Hospice 10 (k)",K300000
"K-4, Part I:  Hospital-Based Hospice 1 (k)",K410001
"K-4, Part I:  Hospital-Based Hospice 2 (k)",K420001
"K-4, Part I:  Hospital-Based Hospice 3 (k)",K430001
"K-4, Part I:  Hospital-Based Hospice 4 (k)",K440001
"K-4, Part I:  Hospital-Based Hospice 5 (k)",K450001
"K-4, Part I:  Hospital-Based Hospice 6 (k)",K460001
"K-4, Part I:  Hospital-Based Hospice 7 (k)",K470001
"K-4, Part I:  Hospital-Based Hospice 8 (k)",K480001
"K-4, Part I:  Hospital-Based Hospice 9 (k)",K490001
"K-4, Part I:  Hospital-Based Hospice 10 (k)",K400001
"K-4, Part II:  Hospital-Based Hospice 1 (k)",K410002
"K-4, Part II:  Hospital-Based Hospice 2 (k)",K420002
"K-4, Part II:  Hospital-Based Hospice 3 (k)",K430002
"K-4, Part II:  Hospital-Based Hospice 4 (k)",K440002
"K-4, Part II:  Hospital-Based Hospice 5 (k)",K450002
"K-4, Part II:  Hospital-Based Hospice 6 (k)",K460002
"K-4, Part II:  Hospital-Based Hospice 7 (k)",K470002
"K-4, Part II:  Hospital-Based Hospice 8 (k)",K480002
"K-4, Part II:  Hospital-Based Hospice 9 (k)",K490002
"K-4, Part II:  Hospital-Based Hospice 10 (k)",K400002
"K-5, Part I:  Hospital-Based Hospice 1 (k)",K510001
"K-5, Part I:  Hospital-Based Hospice 2 (k)",K520001
"K-5, Part I:  Hospital-Based Hospice 3 (k)",K530001
"K-5, Part I:  Hospital-Based Hospice 4 (k)",K540001
"K-5, Part I:  Hospital-Based Hospice 5 (k)",K550001
"K-5, Part I:  Hospital-Based Hospice 6 (k)",K560001
"K-5, Part I:  Hospital-Based Hospice 7 (k)",K570001
"K-5, Part I:  Hospital-Based Hospice 8 (k)",K580001
"K-5, Part I:  Hospital-Based Hospice 9 (k)",K590001
"K-5, Part I:  Hospital-Based Hospice 10 (k)",K500001
"K-5, Part II:  Hospital-Based Hospice 1 (k)",K510002
"K-5, Part II:  Hospital-Based Hospice 2 (k)",K520002
"K-5, Part II:  Hospital-Based Hospice 3 (k)",K530002
"K-5, Part II:  Hospital-Based Hospice 4 (k)",K540002
"K-5, Part II:  Hospital-Based Hospice 5 (k)",K550002
"K-5, Part II:  Hospital-Based Hospice 6 (k)",K560002
"K-5, Part II:  Hospital-Based Hospice 7 (k)",K570002
"K-5, Part II:  Hospital-Based Hospice 8 (k)",K580002
"K-5, Part II:  Hospital-Based Hospice 9 (k)",K590002
"K-5, Part II:  Hospital-Based Hospice 10 (k)",K500002
"K-5, Part III:  Hospital-Based Hospice 1 (k)",K510003
"K-5, Part III:  Hospital-Based Hospice 10 (k)",K500003
"K-5, Part III:  Hospital-Based Hospice 2 (k)",K520003
"K-5, Part III:  Hospital-Based Hospice 3 (k)",K530003
"K-5, Part III:  Hospital-Based Hospice 4 (k)",K540003
"K-5, Part III:  Hospital-Based Hospice 5 (k)",K550003
"K-5, Part III:  Hospital-Based Hospice 6 (k)",K560003
"K-5, Part III:  Hospital-Based Hospice 7 (k)",K570003
"K-5, Part III:  Hospital-Based Hospice 8 (k)",K580003
"K-5, Part III:  Hospital-Based Hospice 9 (k)",K590003
"K-6, Hospital-Based Hospice 1 (k)",K610000
"K-6, Hospital-Based Hospice 2 (k)",K620000
"K-6, Hospital-Based Hospice 3 (k)",K630000
"K-6, Hospital-Based Hospice 4 (k)",K640000
"K-6, Hospital-Based Hospice 5 (k)",K650000
"K-6, Hospital-Based Hospice 6 (k)",K660000
"K-6, Hospital-Based Hospice 7 (k)",K670000
"K-6, Hospital-Based Hospice 8 (k)",K680000
"K-6, Hospital-Based Hospice 9 (k)",K690000
"K-6, Hospital-Based Hospice 10 (k)",K600000
"L, Part I: Hospital Title XIX",L00A191
"L, Part I: Hospital Title XVIII",L00A181
"L, Part I: Subprovider 1 (c) Title XIX",L01B191
"L, Part I: Subprovider 1 (c) Title XVIII",L01B181
"L, Part I: Subprovider 2 (c) Title XIX",L02B191
"L, Part I: Subprovider 2 (c) Title XVIII",L02B181
"L, Part I: Subprovider 3 (c) Title XIX",L03B191
"L, Part I: Subprovider 3 (c) Title XVIII",L03B181
"L, Part I: Subprovider 4 (c) Title XIX",L04B191
"L, Part I: Subprovider 4 (c) Title XVIII",L04B181
"L, Part I: Subprovider 5 (c) Title XIX",L05B191
"L, Part I: Subprovider 5 (c) Title XVIII",L05B181
"L, Part I: Subprovider 6 (c) Title XIX",L06B191
"L, Part I: Subprovider 6 (c) Title XVIII",L06B181
"L, Part I: Subprovider 7 (c) Title XIX",L07B191
"L, Part I: Subprovider 7 (c) Title XVIII",L07B181
"L, Part I: Subprovider 8 (c) Title XIX",L08B191
"L, Part I: Subprovider 8 (c) Title XVIII",L08B181
"L, Part I: Subprovider 9 (c) Title XIX",L09B191
"L, Part I: Subprovider 9 (c) Title XVIII",L09B181
"L, Part I: Subprovider 10 (c) Title XIX",L00B191
"L, Part I: Subprovider 10 (c) Title XVIII",L00B181
"L, Part II: Hospital Title XIX",L00A192
"L, Part II: Hospital Title XVIII",L00A182
"L, Part II: Subprovider 1 (c) Title XIX",L01B192
"L, Part II: Subprovider 1 (c) Title XVIII",L01B182
"L, Part II: Subprovider 2 (c) Title XIX",L02B192
"L, Part II: Subprovider 2 (c) Title XVIII",L02B182
"L, Part II: Subprovider 3 (c) Title XIX",L03B192
"L, Part II: Subprovider 3 (c) Title XVIII",L03B182
"L, Part II: Subprovider 4 (c) Title XIX",L04B192
"L, Part II: Subprovider 4 (c) Title XVIII",L04B182
"L, Part II: Subprovider 5 (c) Title XIX",L05B192
"L, Part II: Subprovider 5 (c) Title XVIII",L05B182
"L, Part II: Subprovider 6 (c) Title XIX",L06B192
"L, Part II: Subprovider 6 (c) Title XVIII",L06B182
"L, Part II: Subprovider 7 (c) Title XIX",L07B192
"L, Part II: Subprovider 7 (c) Title XVIII",L07B182
"L, Part II: Subprovider 8 (c) Title XIX",L08B192
"L, Part II: Subprovider 8 (c) Title XVIII",L08B182
"L, Part II: Subprovider 9 (c) Title XIX",L09B192
"L, Part II: Subprovider 9 (c) Title XVIII",L09B182
"L, Part II: Subprovider 10 (c) Title XIX",L00B192
"L, Part II: Subprovider 10 (c) Title XVIII",L00B182
"L, Part III: Hospital Title XIX",L00A193
"L, Part III: Hospital Title XVIII",L00A183
"L, Part III: Subprovider 1 (c) Title XIX",L01B193
"L, Part III: Subprovider 1 (c) Title XVIII",L01B183
"L, Part III: Subprovider 2 (c) Title XIX",L02B193
"L, Part III: Subprovider 2 (c) Title XVIII",L02B183
"L, Part III: Subprovider 3 (c) Title XIX",L03B193
"L, Part III: Subprovider 3 (c) Title XVIII",L03B183
"L, Part III: Subprovider 4 (c) Title XIX",L04B193
"L, Part III: Subprovider 4 (c) Title XVIII",L04B183
"L, Part III: Subprovider 5 (c) Title XIX",L05B193
"L, Part III: Subprovider 5 (c) Title XVIII",L05B183
"L, Part III: Subprovider 6 (c) Title XIX",L06B193
"L, Part III: Subprovider 6 (c) Title XVIII",L06B183
"L, Part III: Subprovider 7 (c) Title XIX",L07B193
"L, Part III: Subprovider 7 (c) Title XVIII",L07B183
"L, Part III: Subprovider 8 (c) Title XIX",L08B193
"L, Part III: Subprovider 8 (c) Title XVIII",L08B183
"L, Part III: Subprovider 9 (c) Title XIX",L09B193
"L, Part III: Subprovider 9 (c) Title XVIII",L09B183
"L, Part III: Subprovider 10 (c) Title XIX",L00B193
"L, Part III: Subprovider 10 (c) Title XVIII",L00B183
"L, Part IV: Hospital Title XIX",L00A194
"L, Part IV: Hospital Title XVIII",L00A184
"L, Part IV: Subprovider 1 (c) Title XIX",L01B194
"L, Part IV: Subprovider 1 (c) Title XVIII",L01B184
"L, Part IV: Subprovider 2 (c) Title XIX",L02B194
"L, Part IV: Subprovider 2 (c) Title XVIII",L02B184
"L, Part IV: Subprovider 3 (c) Title XIX",L03B194
"L, Part IV: Subprovider 3 (c) Title XVIII",L03B184
"L, Part IV: Subprovider 4 (c) Title XIX",L04B194
"L, Part IV: Subprovider 4 (c) Title XVIII",L04B184
"L, Part IV: Subprovider 5 (c) Title XIX",L05B194
"L, Part IV: Subprovider 5 (c) Title XVIII",L05B184
"L, Part IV: Subprovider 6 (c) Title XIX",L06B194
"L, Part IV: Subprovider 6 (c) Title XVIII",L06B184
"L, Part IV: Subprovider 7 (c) Title XIX",L07B194
"L, Part IV: Subprovider 7 (c) Title XVIII",L07B184
"L, Part IV: Subprovider 8 (c) Title XIX",L08B194
"L, Part IV: Subprovider 8 (c) Title XVIII",L08B184
"L, Part IV: Subprovider 9 (c) Title XIX",L09B194
"L, Part IV: Subprovider 9 (c) Title XVIII",L09B184
"L, Part IV: Subprovider 10 (c) Title XIX",L00B194
"L, Part IV: Subprovider 10 (c) Title XVIII",L00B184
"L-1, Part II Title XIX",L100192
"L-1, Part II Title XVIII",L100182
"L-1, Part III:  Hospital Title XIX",L10A193
"L-1, Part III:  Hospital Title XVIII",L10A183
"L-1, Part III:  Subprovider 1 (c) Title XIX",L11B193
"L-1, Part III:  Subprovider 1 (c) Title XVIII",L11B183
"L-1, Part III:  Subprovider 2 (c) Title XIX",L12B193
"L-1, Part III:  Subprovider 2 (c) Title XVIII",L12B183
"L-1, Part III:  Subprovider 3 (c) Title XIX",L13B193
"L-1, Part III:  Subprovider 3 (c) Title XVIII",L13B183
"L-1, Part III:  Subprovider 4 (c) Title XIX",L14B193
"L-1, Part III:  Subprovider 4 (c) Title XVIII",L14B183
"L-1, Part III:  Subprovider 5 (c) Title XIX",L15B193
"L-1, Part III:  Subprovider 5 (c) Title XVIII",L15B183
"L-1, Part III:  Subprovider 6 (c) Title XIX",L16B193
"L-1, Part III:  Subprovider 6 (c) Title XVIII",L16B183
"L-1, Part III:  Subprovider 7 (c) Title XIX",L17B193
"L-1, Part III:  Subprovider 7 (c) Title XVIII",L17B183
"L-1, Part III:  Subprovider 8 (c) Title XIX",L18B193
"L-1, Part III:  Subprovider 8 (c) Title XVIII",L18B183
"L-1, Part III:  Subprovider 9 (c) Title XIX",L19B193
"L-1, Part III:  Subprovider 9 (c) Title XVIII",L19B183
"L-1, Part III:  Subprovider 10 (c) Title XIX",L10B193
"L-1, Part III:  Subprovider 10 (c) Title XVIII",L10B183
M-1 Federally Qualitfied Health Center 1 (FQHC) (i),M11Q000
M-1 Federally Qualitfied Health Center 2 (FQHC) (i),M12Q000
M-1 Federally Qualitfied Health Center 3 (FQHC) (i),M13Q000
M-1 Federally Qualitfied Health Center 4 (FQHC) (i),M14Q000
M-1 Federally Qualitfied Health Center 5 (FQHC) (i),M15Q000
M-1 Federally Qualitfied Health Center 6 (FQHC) (i),M16Q000
M-1 Federally Qualitfied Health Center 7 (FQHC) (i),M17Q000
M-1 Federally Qualitfied Health Center 8 (FQHC) (i),M18Q000
M-1 Federally Qualitfied Health Center 9 (FQHC) (i),M19Q000
M-1 Federally Qualitfied Health Center 10 (FQHC) (i),M10Q000
M-1 Federally Qualitfied Health Center 11 (FQHC) (i),M1AQ000
M-1 Rural Health Clinic 1 (RHC) (i),M11R000
M-1 Rural Health Clinic 2 (RHC) (i),M12R000
M-1 Rural Health Clinic 3 (RHC) (i),M13R000
M-1 Rural Health Clinic 4 (RHC) (i),M14R000
M-1 Rural Health Clinic 5 (RHC) (i),M15R000
M-1 Rural Health Clinic 6 (RHC) (i),M16R000
M-1 Rural Health Clinic 7 (RHC) (i),M17R000
M-1 Rural Health Clinic 8 (RHC) (i),M18R000
M-1 Rural Health Clinic 9 (RHC) (i),M19R000
M-1 Rural Health Clinic 10 (RHC) (i),M10R000
M-1 Rural Health Clinic 11 (RHC) (i),M1AR000
M-1 Rural Health Clinic 12 (RHC) (i),M1BR000
M-1 Rural Health Clinic 13 (RHC) (i),M1CR000
M-1 Rural Health Clinic 14 (RHC) (i),M1DR000
M-1 Rural Health Clinic 15 (RHC) (i),M1ER000
M-1 Rural Health Clinic 16 (RHC) (i),M1FR000
M-2 Federally Qualitfied Health Center 1 (FQHC) (i),M21Q000
M-2 Federally Qualitfied Health Center 2 (FQHC) (i),M22Q000
M-2 Federally Qualitfied Health Center 3 (FQHC) (i),M23Q000
M-2 Federally Qualitfied Health Center 4 (FQHC) (i),M24Q000
M-2 Federally Qualitfied Health Center 5 (FQHC) (i),M25Q000
M-2 Federally Qualitfied Health Center 6 (FQHC) (i),M26Q000
M-2 Federally Qualitfied Health Center 7 (FQHC) (i),M27Q000
M-2 Federally Qualitfied Health Center 8 (FQHC) (i),M28Q000
M-2 Federally Qualitfied Health Center 9 (FQHC) (i),M29Q000
M-2 Federally Qualitfied Health Center 10 (FQHC) (i),M20Q000
M-2 Federally Qualitfied Health Center 11 (FQHC) (i),M2AQ000
M-2 Federally Qualitfied Health Center 12 (FQHC) (i),M2BQ000
M-2 Federally Qualitfied Health Center 13 (FQHC) (i),M2CQ000
M-2 Federally Qualitfied Health Center 14 (FQHC) (i),M2DQ000
M-2 Federally Qualitfied Health Center 15 (FQHC) (i),M2EQ000
M-2 Federally Qualitfied Health Center 16 (FQHC) (i),M2FQ000
M-2 Rural Health Clinic 1 (RHC) (i),M21R000
M-2 Rural Health Clinic 2 (RHC) (i),M22R000
M-2 Rural Health Clinic 3 (RHC) (i),M23R000
M-2 Rural Health Clinic 4 (RHC) (i),M24R000
M-2 Rural Health Clinic 5 (RHC) (i),M25R000
M-2 Rural Health Clinic 6 (RHC) (i),M26R000
M-2 Rural Health Clinic 7 (RHC) (i),M27R000
M-2 Rural Health Clinic 8 (RHC) (i),M28R000
M-2 Rural Health Clinic 9 (RHC) (i),M29R000
M-2 Rural Health Clinic 10 (RHC) (i),M20R000
M-2 Rural Health Clinic 11 (RHC) (i),M2AR000
M-2 Rural Health Clinic 12 (RHC) (i),M2BR000
M-2 Rural Health Clinic 13 (RHC) (i),M2CR000
M-2 Rural Health Clinic 14 (RHC) (i),M2DR000
M-2 Rural Health Clinic 15 (RHC) (i),M2ER000
M-2 Rural Health Clinic 16 (RHC) (i),M2FR000
M-3 Federally Qualitfied Health Center 1 (FQHC) (i) Title XIX,M31Q190
M-3 Federally Qualitfied Health Center 1 (FQHC) (i) Title XVIII,M31Q180
M-3 Federally Qualitfied Health Center 2 (FQHC) (i) Title XIX,M32Q190
M-3 Federally Qualitfied Health Center 2 (FQHC) (i) Title XVIII,M32Q180
M-3 Federally Qualitfied Health Center 3 (FQHC) (i) Title XIX,M33Q190
M-3 Federally Qualitfied Health Center 3 (FQHC) (i) Title XVIII,M33Q180
M-3 Federally Qualitfied Health Center 4 (FQHC) (i) Title XIX,M34Q190
M-3 Federally Qualitfied Health Center 4 (FQHC) (i) Title XVIII,M34Q180
M-3 Federally Qualitfied Health Center 5 (FQHC) (i) Title XIX,M35Q190
M-3 Federally Qualitfied Health Center 5 (FQHC) (i) Title XVIII,M35Q180
M-3 Federally Qualitfied Health Center 6 (FQHC) (i) Title XIX,M36Q190
M-3 Federally Qualitfied Health Center 6 (FQHC) (i) Title XVIII,M36Q180
M-3 Federally Qualitfied Health Center 7 (FQHC) (i) Title XIX,M37Q190
M-3 Federally Qualitfied Health Center 7 (FQHC) (i) Title XVIII,M37Q180
M-3 Federally Qualitfied Health Center 8 (FQHC) (i) Title XIX,M38Q190
M-3 Federally Qualitfied Health Center 8 (FQHC) (i) Title XVIII,M38Q180
M-3 Federally Qualitfied Health Center 9 (FQHC) (i) Title XIX,M39Q190
M-3 Federally Qualitfied Health Center 9 (FQHC) (i) Title XVIII,M39Q180
M-3 Federally Qualitfied Health Center 10 (FQHC) (i) Title XIX,M30Q190
M-3 Federally Qualitfied Health Center 10 (FQHC) (i) Title XVIII,M30Q180
M-3 Federally Qualitfied Health Center 11 (FQHC) (i) Title XIX,M3AQ190
M-3 Federally Qualitfied Health Center 11 (FQHC) (i) Title XVIII,M3AQ180
M-3 Federally Qualitfied Health Center 12 (FQHC) (i) Title XIX,M3BQ190
M-3 Federally Qualitfied Health Center 12 (FQHC) (i) Title XVIII,M3BQ180
M-3 Federally Qualitfied Health Center 13 (FQHC) (i) Title XIX,M3CQ190
M-3 Federally Qualitfied Health Center 13 (FQHC) (i) Title XVIII,M3CQ180
M-3 Federally Qualitfied Health Center 14 (FQHC) (i) Title XIX,M3DQ190
M-3 Federally Qualitfied Health Center 14 (FQHC) (i) Title XVIII,M3DQ180
M-3 Federally Qualitfied Health Center 15 (FQHC) (i) Title XIX,M3EQ190
M-3 Federally Qualitfied Health Center 15 (FQHC) (i) Title XVIII,M3EQ180
M-3 Federally Qualitfied Health Center 16 (FQHC) (i) Title XIX,M3FQ190
M-3 Federally Qualitfied Health Center 16 (FQHC) (i) Title XVIII,M3FQ180
M-3 Rural Health Clinic 1 (RHC) (i) Title XIX,M31R190
M-3 Rural Health Clinic 1 (RHC) (i) Title XVIII,M31R180
M-3 Rural Health Clinic 2 (RHC) (i) Title XIX,M32R190
M-3 Rural Health Clinic 2 (RHC) (i) Title XVIII,M32R180
M-3 Rural Health Clinic 3 (RHC) (i) Title XIX,M33R190
M-3 Rural Health Clinic 3 (RHC) (i) Title XVIII,M33R180
M-3 Rural Health Clinic 4 (RHC) (i) Title XIX,M34R190
M-3 Rural Health Clinic 4 (RHC) (i) Title XVIII,M34R180
M-3 Rural Health Clinic 5 (RHC) (i) Title XIX,M35R190
M-3 Rural Health Clinic 5 (RHC) (i) Title XVIII,M35R180
M-3 Rural Health Clinic 6 (RHC) (i) Title XIX,M36R190
M-3 Rural Health Clinic 6 (RHC) (i) Title XVIII,M36R180
M-3 Rural Health Clinic 7 (RHC) (i) Title XIX,M37R190
M-3 Rural Health Clinic 7 (RHC) (i) Title XVIII,M37R180
M-3 Rural Health Clinic 8 (RHC) (i) Title XIX,M38R190
M-3 Rural Health Clinic 8 (RHC) (i) Title XVIII,M38R180
M-3 Rural Health Clinic 9 (RHC) (i) Title XIX,M39R190
M-3 Rural Health Clinic 9 (RHC) (i) Title XVIII,M39R180
M-3 Rural Health Clinic 10 (RHC) (i) Title XIX,M30R190
M-3 Rural Health Clinic 10 (RHC) (i) Title XVIII,M30R180
M-3 Rural Health Clinic 11 (RHC) (i) Title XIX,M3AR190
M-3 Rural Health Clinic 11 (RHC) (i) Title XVIII,M3AR180
M-3 Rural Health Clinic 12 (RHC) (i) Title XIX,M3BR190
M-3 Rural Health Clinic 12 (RHC) (i) Title XVIII,M3BR180
M-3 Rural Health Clinic 13 (RHC) (i) Title XIX,M3CR190
M-3 Rural Health Clinic 13 (RHC) (i) Title XVIII,M3CR180
M-3 Rural Health Clinic 14 (RHC) (i) Title XIX,M3DR190
M-3 Rural Health Clinic 14 (RHC) (i) Title XVIII,M3DR180
M-3 Rural Health Clinic 15 (RHC) (i) Title XIX,M3ER190
M-3 Rural Health Clinic 15 (RHC) (i) Title XVIII,M3ER180
M-3 Rural Health Clinic 16 (RHC) (i) Title XIX,M3FR190
M-3 Rural Health Clinic 16 (RHC) (i) Title XVIII,M3FR180
M-4 Federally Qualitfied Health Center 1 (FQHC) (i) Title XIX,M41Q190
M-4 Federally Qualitfied Health Center 1 (FQHC) (i) Title XVIII,M41Q180
M-4 Federally Qualitfied Health Center 2 (FQHC) (i) Title XIX,M42Q190
M-4 Federally Qualitfied Health Center 2 (FQHC) (i) Title XVIII,M42Q180
M-4 Federally Qualitfied Health Center 3 (FQHC) (i) Title XIX,M43Q190
M-4 Federally Qualitfied Health Center 3 (FQHC) (i) Title XVIII,M43Q180
M-4 Federally Qualitfied Health Center 4 (FQHC) (i) Title XIX,M44Q190
M-4 Federally Qualitfied Health Center 4 (FQHC) (i) Title XVIII,M44Q180
M-4 Federally Qualitfied Health Center 5 (FQHC) (i) Title XIX,M45Q190
M-4 Federally Qualitfied Health Center 5 (FQHC) (i) Title XVIII,M45Q180
M-4 Federally Qualitfied Health Center 6 (FQHC) (i) Title XIX,M46Q190
M-4 Federally Qualitfied Health Center 6 (FQHC) (i) Title XVIII,M46Q180
M-4 Federally Qualitfied Health Center 7 (FQHC) (i) Title XIX,M47Q190
M-4 Federally Qualitfied Health Center 7 (FQHC) (i) Title XVIII,M47Q180
M-4 Federally Qualitfied Health Center 8 (FQHC) (i) Title XIX,M48Q190
M-4 Federally Qualitfied Health Center 8 (FQHC) (i) Title XVIII,M48Q180
M-4 Federally Qualitfied Health Center 9 (FQHC) (i) Title XIX,M49Q190
M-4 Federally Qualitfied Health Center 9 (FQHC) (i) Title XVIII,M49Q180
M-4 Federally Qualitfied Health Center 10 (FQHC) (i) Title XIX,M40Q190
M-4 Federally Qualitfied Health Center 10 (FQHC) (i) Title XVIII,M40Q180
M-4 Rural Health Clinic 1 (RHC) (i) Title XIX,M41R190
M-4 Rural Health Clinic 1 (RHC) (i) Title XVIII,M41R180
M-4 Rural Health Clinic 2 (RHC) (i) Title XIX,M42R190
M-4 Rural Health Clinic 2 (RHC) (i) Title XVIII,M42R180
M-4 Rural Health Clinic 3 (RHC) (i) Title XIX,M43R190
M-4 Rural Health Clinic 3 (RHC) (i) Title XVIII,M43R180
M-4 Rural Health Clinic 4 (RHC) (i) Title XIX,M44R190
M-4 Rural Health Clinic 4 (RHC) (i) Title XVIII,M44R180
M-4 Rural Health Clinic 5 (RHC) (i) Title XIX,M45R190
M-4 Rural Health Clinic 5 (RHC) (i) Title XVIII,M45R180
M-4 Rural Health Clinic 6 (RHC) (i) Title XIX,M46R190
M-4 Rural Health Clinic 6 (RHC) (i) Title XVIII,M46R180
M-4 Rural Health Clinic 7 (RHC) (i) Title XIX,M47R190
M-4 Rural Health Clinic 7 (RHC) (i) Title XVIII,M47R180
M-4 Rural Health Clinic 8 (RHC) (i) Title XIX,M48R190
M-4 Rural Health Clinic 8 (RHC) (i) Title XVIII,M48R180
M-4 Rural Health Clinic 9 (RHC) (i) Title XIX,M49R190
M-4 Rural Health Clinic 9 (RHC) (i) Title XVIII,M49R180
M-4 Rural Health Clinic 10 (RHC) (i) Title XIX,M40R190
M-4 Rural Health Clinic 10 (RHC) (i) Title XVIII,M40R180
M-4 Rural Health Clinic 11 (RHC) (i) Title XIX,M4AR190
M-4 Rural Health Clinic 11 (RHC) (i) Title XVIII,M4AR180
M-4 Rural Health Clinic 12 (RHC) (i) Title XIX,M4BR190
M-4 Rural Health Clinic 12 (RHC) (i) Title XVIII,M4BR180
M-4 Rural Health Clinic 13 (RHC) (i) Title XIX,M4CR190
M-4 Rural Health Clinic 13 (RHC) (i) Title XVIII,M4CR180
M-4 Rural Health Clinic 14 (RHC) (i) Title XIX,M4DR190
M-4 Rural Health Clinic 14 (RHC) (i) Title XVIII,M4DR180
M-4 Rural Health Clinic 15 (RHC) (i) Title XIX,M4ER190
M-4 Rural Health Clinic 15 (RHC) (i) Title XVIII,M4ER180
M-4 Rural Health Clinic 16 (RHC) (i) Title XIX,M4FR190
M-4 Rural Health Clinic 16 (RHC) (i) Title XVIII,M4FR180
M-5 Federally Qualitfied Health Center 1 (FQHC) (i) Title XVIII,M51Q180
M-5 Federally Qualitfied Health Center 2 (FQHC) (i) Title XVIII,M52Q180
M-5 Federally Qualitfied Health Center 3 (FQHC) (i) Title XVIII,M53Q180
M-5 Federally Qualitfied Health Center 4 (FQHC) (i) Title XVIII,M54Q180
M-5 Federally Qualitfied Health Center 5 (FQHC) (i) Title XVIII,M55Q180
M-5 Federally Qualitfied Health Center 6 (FQHC) (i) Title XVIII,M56Q180
M-5 Federally Qualitfied Health Center 7 (FQHC) (i) Title XVIII,M57Q180
M-5 Federally Qualitfied Health Center 8 (FQHC) (i) Title XVIII,M58Q180
M-5 Federally Qualitfied Health Center 9 (FQHC) (i) Title XVIII,M59Q180
M-5 Federally Qualitfied Health Center 10 (FQHC) (i) Title XVIII,M50Q180
M-5 Federally Qualitfied Health Center 11 (FQHC) (i) Title XVIII,M5AQ180
M-5 Rural Health Clinic 1 (RHC) (i) Title XIX,M51R190
M-5 Rural Health Clinic 1 (RHC) (i) Title XVIII,M51R180
M-5 Rural Health Clinic 2 (RHC) (i) Title XIX,M52R190
M-5 Rural Health Clinic 2 (RHC) (i) Title XVIII,M52R180
M-5 Rural Health Clinic 3 (RHC) (i) Title XIX,M53R190
M-5 Rural Health Clinic 3 (RHC) (i) Title XVIII,M53R180
M-5 Rural Health Clinic 4 (RHC) (i) Title XIX,M54R190
M-5 Rural Health Clinic 4 (RHC) (i) Title XVIII,M54R180
M-5 Rural Health Clinic 5 (RHC) (i) Title XIX,M55R190
M-5 Rural Health Clinic 5 (RHC) (i) Title XVIII,M55R180
M-5 Rural Health Clinic 6 (RHC) (i) Title XIX,M56R190
M-5 Rural Health Clinic 6 (RHC) (i) Title XVIII,M56R180
M-5 Rural Health Clinic 7 (RHC) (i) Title XIX,M57R190
M-5 Rural Health Clinic 7 (RHC) (i) Title XVIII,M57R180
M-5 Rural Health Clinic 8 (RHC) (i) Title XIX,M58R190
M-5 Rural Health Clinic 8 (RHC) (i) Title XVIII,M58R180
M-5 Rural Health Clinic 9 (RHC) (i) Title XIX,M59R190
M-5 Rural Health Clinic 9 (RHC) (i) Title XVIII,M59R180
M-5 Rural Health Clinic 10 (RHC) (i) Title XIX,M50R190
M-5 Rural Health Clinic 10 (RHC) (i) Title XVIII,M50R180
M-5 Rural Health Clinic 11 (RHC) (i) Title XIX,M5AR190
M-5 Rural Health Clinic 11 (RHC) (i) Title XVIII,M5AR180
M-5 Rural Health Clinic 12 (RHC) (i) Title XIX,M5BR190
M-5 Rural Health Clinic 12 (RHC) (i) Title XVIII,M5BR180
M-5 Rural Health Clinic 13 (RHC) (i) Title XIX,M5CR190
M-5 Rural Health Clinic 13 (RHC) (i) Title XVIII,M5CR180
M-5 Rural Health Clinic 14 (RHC) (i) Title XIX,M5DR190
M-5 Rural Health Clinic 14 (RHC) (i) Title XVIII,M5DR180
M-5 Rural Health Clinic 15 (RHC) (i) Title XIX,M5ER190
M-5 Rural Health Clinic 15 (RHC) (i) Title XVIII,M5ER180
M-5 Rural Health Clinic 16 (RHC) (i) Title XIX,M5FR190
M-5 Rural Health Clinic 16 (RHC) (i) Title XVIII,M5FR180
"S, Part 0",S000000
"S, Part II",S000002
S-2,S200000
"S-3, Part I",S300001
"S-3, Part II",S300002
"S-3, Part III",S300003
"S-4, Hospital-Based Home Health Agencies 1 (HHA) (a)",S410000
"S-4, Hospital-Based Home Health Agencies 1 (HHA) Title XIX",S410190
"S-4, Hospital-Based Home Health Agencies 1 (HHA) Title XVIII",S410180
"S-4, Hospital-Based Home Health Agencies 2 (HHA) (a)",S420000
"S-4, Hospital-Based Home Health Agencies 2 (HHA) Title XIX",S420190
"S-4, Hospital-Based Home Health Agencies 2 (HHA) Title XVIII",S420180
"S-4, Hospital-Based Home Health Agencies 3 (HHA) (a)",S430000
"S-4, Hospital-Based Home Health Agencies 3 (HHA) Title XIX",S430190
"S-4, Hospital-Based Home Health Agencies 3 (HHA) Title XVIII",S430180
"S-4, Hospital-Based Home Health Agencies 4 (HHA) (a)",S440000
"S-4, Hospital-Based Home Health Agencies 4 (HHA) Title XIX",S440190
"S-4, Hospital-Based Home Health Agencies 4 (HHA) Title XVIII",S440180
"S-4, Hospital-Based Home Health Agencies 5 (HHA) (a)",S450000
"S-4, Hospital-Based Home Health Agencies 6 (HHA) (a)",S460000
"S-4, Hospital-Based Home Health Agencies 7 (HHA) (a)",S470000
"S-4, Hospital-Based Home Health Agencies 8 (HHA) (a)",S480000
"S-4, Hospital-Based Home Health Agencies 9 (HHA) (a)",S490000
"S-4, Hospital-Based Home Health Agencies 10 (HHA) (a)",S400000
S-5,S500000
S-6 Community Mental Health Center 1 (CMHC) (b),S61G000
S-6 Community Mental Health Center 2 (CMHC) (b),S62G000
S-6 Community Mental Health Center 3 (CMHC) (b),S63G000
S-6 Community Mental Health Center 4 (CMHC) (b),S64G000
S-6 Community Mental Health Center 5 (CMHC) (b),S65G000
S-6 Community Mental Health Center 6 (CMHC) (b),S66G000
S-6 Community Mental Health Center 7 (CMHC) (b),S67G000
S-6 Community Mental Health Center 8 (CMHC) (b),S68G000
S-6 Community Mental Health Center 9 (CMHC) (b),S69G000
S-6 Community Mental Health Center 10 (CMHC) (b),S60G000
S-6 Comprehensive Outpatient Rehabilitation Facility 1 (CORF) (b),S61H000
S-6 Comprehensive Outpatient Rehabilitation Facility 2 (CORF) (b),S62H000
S-6 Comprehensive Outpatient Rehabilitation Facility 3 (CORF) (b),S63H000
S-6 Comprehensive Outpatient Rehabilitation Facility 4 (CORF) (b),S64H000
S-6 Comprehensive Outpatient Rehabilitation Facility 5 (CORF) (b),S65H000
S-6 Comprehensive Outpatient Rehabilitation Facility 6 (CORF) (b),S66H000
S-6 Comprehensive Outpatient Rehabilitation Facility 7 (CORF) (b),S67H000
S-6 Comprehensive Outpatient Rehabilitation Facility 8 (CORF) (b),S68H000
S-6 Comprehensive Outpatient Rehabilitation Facility 9 (CORF) (b),S69H000
S-6 Comprehensive Outpatient Rehabilitation Facility 10 (CORF) (b),S60H000
S-6 Outpatient Occupational Therapy 1 (OOT) (b),S61K000
S-6 Outpatient Occupational Therapy 2 (OOT) (b),S62K000
S-6 Outpatient Occupational Therapy 3 (OOT) (b),S63K000
S-6 Outpatient Occupational Therapy 4 (OOT) (b),S64K000
S-6 Outpatient Occupational Therapy 5 (OOT) (b),S65K000
S-6 Outpatient Occupational Therapy 6 (OOT) (b),S66K000
S-6 Outpatient Occupational Therapy 7 (OOT) (b),S67K000
S-6 Outpatient Occupational Therapy 8 (OOT) (b),S68K000
S-6 Outpatient Occupational Therapy 9 (OOT) (b),S69K000
S-6 Outpatient Occupational Therapy 10 (OOT) (b),S60K000
S-6 Outpatient Physical Therapy 1 (OPT) (b),S61J000
S-6 Outpatient Physical Therapy 2 (OPT) (b),S62J000
S-6 Outpatient Physical Therapy 3 (OPT) (b),S63J000
S-6 Outpatient Physical Therapy 4 (OPT) (b),S64J000
S-6 Outpatient Physical Therapy 5 (OPT) (b),S65J000
S-6 Outpatient Physical Therapy 6 (OPT) (b),S66J000
S-6 Outpatient Physical Therapy 7 (OPT) (b),S67J000
S-6 Outpatient Physical Therapy 8 (OPT) (b),S68J000
S-6 Outpatient Physical Therapy 9 (OPT) (b),S69J000
S-6 Outpatient Physical Therapy 10 (OPT) (b),S60J000
S-6 Outpatient Speech Therapy 1 (OSP) (b),S61L000
S-6 Outpatient Speech Therapy 2 (OSP) (b),S62L000
S-6 Outpatient Speech Therapy 3 (OSP) (b),S63L000
S-6 Outpatient Speech Therapy 4 (OSP) (b),S64L000
S-6 Outpatient Speech Therapy 5 (OSP) (b),S65L000
S-6 Outpatient Speech Therapy 6 (OSP) (b),S66L000
S-6 Outpatient Speech Therapy 7 (OSP) (b),S67L000
S-6 Outpatient Speech Therapy 8 (OSP) (b),S68L000
S-6 Outpatient Speech Therapy 9 (OSP) (b),S69L000
S-6 Outpatient Speech Therapy 10 (OSP) (b),S60L000
S-7,S700000
S-8 Federally Qualitfied Health Center 1 (FQHC) (i),S81Q000
S-8 Federally Qualitfied Health Center 2 (FQHC) (i),S82Q000
S-8 Federally Qualitfied Health Center 3 (FQHC) (i),S83Q000
S-8 Federally Qualitfied Health Center 4 (FQHC) (i),S84Q000
S-8 Federally Qualitfied Health Center 5 (FQHC) (i),S85Q000
S-8 Federally Qualitfied Health Center 6 (FQHC) (i),S86Q000
S-8 Federally Qualitfied Health Center 7 (FQHC) (i),S87Q000
S-8 Federally Qualitfied Health Center 8 (FQHC) (i),S88Q000
S-8 Federally Qualitfied Health Center 9 (FQHC) (i),S89Q000
S-8 Federally Qualitfied Health Center 10 (FQHC) (i),S80Q000
S-8 Federally Qualitfied Health Center 11 (FQHC) (i),S8AQ000
S-8 Rural Health Clinic 1 (RHC) (i),S81R000
S-8 Rural Health Clinic 2 (RHC) (i),S82R000
S-8 Rural Health Clinic 3 (RHC) (i),S83R000
S-8 Rural Health Clinic 4 (RHC) (i),S84R000
S-8 Rural Health Clinic 5 (RHC) (i),S85R000
S-8 Rural Health Clinic 6 (RHC) (i),S86R000
S-8 Rural Health Clinic 7 (RHC) (i),S87R000
S-8 Rural Health Clinic 8 (RHC) (i),S88R000
S-8 Rural Health Clinic 9 (RHC) (i),S89R000
S-8 Rural Health Clinic 10 (RHC) (i),S80R000
S-8 Rural Health Clinic 11 (RHC) (i),S8AR000
S-8 Rural Health Clinic 12 (RHC) (i),S8BR000
S-8 Rural Health Clinic 13 (RHC) (i),S8CR000
S-8 Rural Health Clinic 14 (RHC) (i),S8DR000
S-8 Rural Health Clinic 15 (RHC) (i),S8ER000
S-8 Rural Health Clinic 16 (RHC) (i),S8FR000
S-9 Hospital-Based Hospice 1 (k),S910000
S-9 Hospital-Based Hospice 2 (k),S920000
S-9 Hospital-Based Hospice 3 (k),S930000
S-9 Hospital-Based Hospice 4 (k),S940000
S-9 Hospital-Based Hospice 5 (k),S950000
S-9 Hospital-Based Hospice 6 (k),S960000
S-9 Hospital-Based Hospice 7 (k),S970000
S-9 Hospital-Based Hospice 8 (k),S980000
S-9 Hospital-Based Hospice 9 (k),S990000
S-9 Hospital-Based Hospice 10 (k),S900000
S-10,S100000
